0.0,0.0,0.0,0.0,83.68142105107599,204.31857894892403
4.9104722769555024E-5,1.1989527723044505E-4,0.09065487280533233,0.22134512719466773,83.68142105107599,204.31857894892403
1.964188910782201E-4,4.795811089217802E-4,0.18130974561066465,0.44269025438933546,83.68142105107599,204.31857894892403
4.419425049259951E-4,0.001079057495074005,0.27196461841599695,0.6640353815840031,83.68142105107599,204.31857894892403
7.856755643128804E-4,0.0019183244356871208,0.3626194912213293,0.8853805087786709,83.68142105107599,204.31857894892403
0.0012276180692388752,0.002997381930761125,0.4532743640266616,1.1067256359733384,83.68142105107599,204.31857894892403
0.0017677700197039803,0.00431622998029602,0.5439292368319939,1.3280707631680062,83.68142105107599,204.31857894892403
0.002406131415708196,0.005874868584291806,0.6345841096373263,1.549415890362674,83.68142105107599,204.31857894892403
0.0031427022572515216,0.007673297742748483,0.7252389824426586,1.7707610175573418,83.68142105107599,204.31857894892403
0.003977482544333957,0.00971151745566605,0.8158938552479911,1.9921061447520096,83.68142105107599,204.31857894892403
0.004910472276955501,0.0119895277230445,0.9065487280533232,2.213451271946677,83.68142105107599,204.31857894892403
0.005941671455116156,0.014507328544883846,0.9972036008586556,2.434796399141345,83.68142105107599,204.31857894892403
0.007071080078815921,0.01726491992118408,1.0878584736639878,2.6561415263360124,83.68142105107599,204.31857894892403
0.008298698148054796,0.020262301851945205,1.17851334646932,2.87748665353068,83.68142105107599,204.31857894892403
0.009624525662832784,0.023499474337167224,1.2691682192746525,3.098831780725348,83.68142105107599,204.31857894892403
0.011048562623149875,0.026976437376850123,1.3598230920799845,3.320176907920015,83.68142105107599,204.31857894892403
0.012570809029006086,0.030693190970993933,1.4504779648853172,3.5415220351146837,83.68142105107599,204.31857894892403
0.0141912648804014,0.03464973511959861,1.5411328376906495,3.762867162309351,83.68142105107599,204.31857894892403
0.01590993017733583,0.0388460698226642,1.6317877104959821,3.9842122895040193,83.68142105107599,204.31857894892403
0.01772680491980936,0.043282195080190655,1.7224425833013142,4.205557416698687,83.68142105107599,204.31857894892403
0.019641889107822004,0.047958110892178,1.8130974561066464,4.426902543893354,83.68142105107599,204.31857894892403
0.02165518274137376,0.05287381725862625,1.9037523289119787,4.648247671088022,83.68142105107599,204.31857894892403
0.023766685820464623,0.058029314179535385,1.9944072017173111,4.86959279828269,83.68142105107599,204.31857894892403
0.025976398345094603,0.06342460165490542,2.0850620745226434,5.090937925477357,83.68142105107599,204.31857894892403
0.028284320315263685,0.06905967968473632,2.1757169473279756,5.312283052672025,83.68142105107599,204.31857894892403
0.030690451730971888,0.07493454826902815,2.2663718201333083,5.533628179866693,83.68142105107599,204.31857894892403
0.033194792592219184,0.08104920740778082,2.35702669293864,5.75497330706136,83.68142105107599,204.31857894892403
0.0357973428990056,0.08740365710099442,2.4476815657439728,5.9763184342560285,83.68142105107599,204.31857894892403
0.038498102651331134,0.0939978973486689,2.538336438549305,6.197663561450696,83.68142105107599,204.31857894892403
0.04129707184919576,0.10083192815080425,2.6289913113546373,6.419008688645363,83.68142105107599,204.31857894892403
0.0441942504925995,0.10790574950740049,2.719646184159969,6.64035381584003,83.68142105107599,204.31857894892403
0.04718963858154238,0.1152193614184577,2.8103010569653026,6.8616989430347,83.68142105107599,204.31857894892403
0.050283236116024345,0.12277276388397573,2.9009559297706344,7.083044070229367,83.68142105107599,204.31857894892403
0.05347504309604541,0.13056595690395462,2.9916108025759667,7.304389197424034,83.68142105107599,204.31857894892403
0.0567650595216056,0.13859894047839444,3.082265675381299,7.525734324618702,83.68142105107599,204.31857894892403
0.06015328539270488,0.14687171460729512,3.172920548186631,7.747079451813369,83.68142105107599,204.31857894892403
0.06363972070934332,0.1553842792906568,3.2635754209919643,7.968424579008039,83.68142105107599,204.31857894892403
0.06722436547152082,0.16413663452847924,3.354230293797296,8.189769706202705,83.68142105107599,204.31857894892403
0.07090721967923744,0.17312878032076262,3.4448851666026283,8.411114833397374,83.68142105107599,204.31857894892403
0.07468828333249317,0.18236071666750686,3.5355400394079606,8.63245996059204,83.68142105107599,204.31857894892403
0.07856755643128802,0.191832443568712,3.626194912213293,8.853805087786707,83.68142105107599,204.31857894892403
0.08254503897562199,0.2015439610243781,3.7168497850186255,9.075150214981376,83.68142105107599,204.31857894892403
0.08662073096549504,0.211495269034505,3.8075046578239573,9.296495342176044,83.68142105107599,204.31857894892403
0.09079463240090722,0.22168636759909285,3.8981595306292895,9.51784046937071,83.68142105107599,204.31857894892403
0.09506674328185849,0.23211725671814154,3.9888144034346222,9.73918559656538,83.68142105107599,204.31857894892403
0.0994370636083489,0.24278793639165117,4.079469276239954,9.960530723760046,83.68142105107599,204.31857894892403
0.10390559338037841,0.2536984066196217,4.170124149045287,10.181875850954714,83.68142105107599,204.31857894892403
0.10847233259794703,0.26484866740205304,4.260779021850619,10.403220978149383,83.68142105107599,204.31857894892403
0.11313728126105474,0.2762387187389453,4.351433894655951,10.62456610534405,83.68142105107599,204.31857894892403
0.11790043936970157,0.2878685606302985,4.442088767461284,10.845911232538716,83.68142105107599,204.31857894892403
0.12276180692388755,0.2997381930761126,4.532743640266617,11.067256359733387,83.68142105107599,204.31857894892403
0.1277213839236126,0.31184761607638756,4.623398513071948,11.288601486928053,83.68142105107599,204.31857894892403
0.13277917036887674,0.3241968296311233,4.71405338587728,11.50994661412272,83.68142105107599,204.31857894892403
0.13793516625968003,0.33678583374032006,4.804708258682613,11.731291741317388,83.68142105107599,204.31857894892403
0.1431893715960224,0.34961462840397767,4.8953631314879456,11.952636868512057,83.68142105107599,204.31857894892403
0.14854178637790394,0.3626832136220962,4.986018004293278,12.173981995706725,83.68142105107599,204.31857894892403
0.15399241060532454,0.3759915893946756,5.07667287709861,12.395327122901392,83.68142105107599,204.31857894892403
0.15954124427828426,0.3895397557217159,5.167327749903943,12.61667225009606,83.68142105107599,204.31857894892403
0.16518828739678304,0.403327712603217,5.2579826227092745,12.838017377290726,83.68142105107599,204.31857894892403
0.17093353996082103,0.41735546003917917,5.348637495514607,13.059362504485394,83.68142105107599,204.31857894892403
0.176777001970398,0.43162299802960197,5.439292368319938,13.28070763168006,83.68142105107599,204.31857894892403
0.18271867342551423,0.446130326574486,5.529947241125273,13.502052758874731,83.68142105107599,204.31857894892403
0.18875855432616953,0.4608774456738308,5.620602113930605,13.7233978860694,83.68142105107599,204.31857894892403
0.19489664467236387,0.4758643553276363,5.711256986735936,13.944743013264066,83.68142105107599,204.31857894892403
0.20113294446409738,0.49109105553590293,5.801911859541269,14.166088140458735,83.68142105107599,204.31857894892403
0.2074674537013699,0.5065575462986301,5.892566732346601,14.3874332676534,83.68142105107599,204.31857894892403
0.21390017238418163,0.5222638276158185,5.983221605151933,14.608778394848068,83.68142105107599,204.31857894892403
0.22043110051253248,0.5382098994874678,6.073876477957266,14.830123522042737,83.68142105107599,204.31857894892403
0.2270602380864224,0.5543957619135778,6.164531350762598,15.051468649237403,83.68142105107599,204.31857894892403
0.23378758510585143,0.5708214148941488,6.2551862235679305,15.272813776432072,83.68142105107599,204.31857894892403
0.24061314157081953,0.5874868584291805,6.345841096373262,15.494158903626738,83.68142105107599,204.31857894892403
0.2475369074813268,0.6043920925186733,6.436495969178595,15.715504030821407,83.68142105107599,204.31857894892403
0.25455888283737327,0.6215371171626272,6.527150841983929,15.936849158016077,83.68142105107599,204.31857894892403
0.26167906763895865,0.6389219323610416,6.61780571478926,16.158194285210744,83.68142105107599,204.31857894892403
0.26889746188608327,0.6565465381139169,6.708460587594592,16.37953941240541,83.68142105107599,204.31857894892403
0.27621406557874695,0.6744109344212532,6.799115460399924,16.600884539600077,83.68142105107599,204.31857894892403
0.28362887871694975,0.6925151212830505,6.889770333205257,16.822229666794748,83.68142105107599,204.31857894892403
0.29114190130069173,0.7108590986993086,6.980425206010589,17.043574793989414,83.68142105107599,204.31857894892403
0.29875313332997266,0.7294428666700274,7.071080078815921,17.26491992118408,83.68142105107599,204.31857894892403
0.30646257480479283,0.7482664251952074,7.161734951621254,17.48626504837875,83.68142105107599,204.31857894892403
0.31427022572515206,0.767329774274848,7.252389824426586,17.707610175573414,83.68142105107599,204.31857894892403
0.3221760860910504,0.7866329139089497,7.343044697231918,17.928955302768085,83.68142105107599,204.31857894892403
0.33018015590248795,0.8061758440975124,7.433699570037251,18.15030042996275,83.68142105107599,204.31857894892403
0.33828243515946443,0.8259585648405356,7.524354442842582,18.371645557157418,83.68142105107599,204.31857894892403
0.34648292386198015,0.84598107613802,7.615009315647915,18.59299068435209,83.68142105107599,204.31857894892403
0.35478162201003494,0.8662433779899651,7.705664188453246,18.81433581154675,83.68142105107599,204.31857894892403
0.3631785296036289,0.8867454703963714,7.796319061258579,19.03568093874142,83.68142105107599,204.31857894892403
0.3716736466427619,0.9074873533572385,7.886973934063913,19.257026065936092,83.68142105107599,204.31857894892403
0.38026697312743396,0.9284690268725662,7.9776288068692445,19.47837119313076,83.68142105107599,204.31857894892403
0.3889585090576453,0.9496904909423551,8.068283679674577,19.699716320325425,83.68142105107599,204.31857894892403
0.3977482544333956,0.9711517455666047,8.158938552479908,19.921061447520092,83.68142105107599,204.31857894892403
0.406636209254685,0.9928527907453152,8.24959342528524,20.142406574714762,83.68142105107599,204.31857894892403
0.41562237352151365,1.0147936264784867,8.340248298090573,20.36375170190943,83.68142105107599,204.31857894892403
0.4247067472338813,1.036974252766119,8.430903170895906,20.585096829104096,83.68142105107599,204.31857894892403
0.4338893303917881,1.0593946696082122,8.521558043701239,20.806441956298766,83.68142105107599,204.31857894892403
0.44317012299523406,1.0820548770047664,8.612212916506572,21.027787083493433,83.68142105107599,204.31857894892403
0.45254912504421896,1.1049548749557812,8.702867789311902,21.2491322106881,83.68142105107599,204.31857894892403
0.46202633653874314,1.1280946634612572,8.793522662117235,21.470477337882766,83.68142105107599,204.31857894892403
0.4716017574788063,1.151474242521194,8.884177534922568,21.691822465077433,83.68142105107599,204.31857894892403
0.4812753878644087,1.1750936121355917,8.9748324077279,21.913167592272103,83.68142105107599,204.31857894892403
0.4910472276955502,1.1989527723044504,9.065487280533233,22.134512719466773,83.68142105107599,204.31857894892403
0.5009172769722307,1.2230517230277695,9.156142153338564,22.35585784666144,83.68142105107599,204.31857894892403
0.5108855356944504,1.2473904643055502,9.246797026143897,22.577202973856107,83.68142105107599,204.31857894892403
0.5209520038622091,1.2719689961377911,9.33745189894923,22.798548101050773,83.68142105107599,204.31857894892403
0.531116681475507,1.2967873185244931,9.42810677175456,23.01989322824544,83.68142105107599,204.31857894892403
0.5413795685343441,1.3218454314656565,9.518761644559895,23.24123835544011,83.68142105107599,204.31857894892403
0.5517406650387201,1.3471433349612802,9.609416517365226,23.462583482634777,83.68142105107599,204.31857894892403
0.5621999709886355,1.3726810290113654,9.70007139017056,23.683928609829447,83.68142105107599,204.31857894892403
0.5727574863840896,1.3984585136159107,9.790726262975891,23.905273737024114,83.68142105107599,204.31857894892403
0.5834132112250832,1.4244757887749173,9.881381135781224,24.12661886421878,83.68142105107599,204.31857894892403
0.5941671455116158,1.4507328544883848,9.972036008586556,24.34796399141345,83.68142105107599,204.31857894892403
0.6050192892436873,1.477229710756313,10.06269088139189,24.569309118608118,83.68142105107599,204.31857894892403
0.6159696424212981,1.5039663575787023,10.15334575419722,24.790654245802784,83.68142105107599,204.31857894892403
0.6270182050444479,1.5309427949555523,10.244000627002551,25.011999372997447,83.68142105107599,204.31857894892403
0.638164977113137,1.5581590228868636,10.334655499807885,25.23334450019212,83.68142105107599,204.31857894892403
0.6494099586273652,1.5856150413726355,10.425310372613216,25.454689627386784,83.68142105107599,204.31857894892403
0.6607531495871322,1.613310850412868,10.515965245418549,25.67603475458145,83.68142105107599,204.31857894892403
0.6721945499924384,1.6412464500075616,10.60662011822388,25.897379881776118,83.68142105107599,204.31857894892403
0.6837341598432841,1.6694218401567167,10.697274991029214,26.118725008970788,83.68142105107599,204.31857894892403
0.6953719791396684,1.6978370208603317,10.787929863834545,26.340070136165455,83.68142105107599,204.31857894892403
0.707108007881592,1.7264919921184079,10.878584736639876,26.56141526336012,83.68142105107599,204.31857894892403
0.7189422460690551,1.7553867539309458,10.969239609445212,26.782760390554795,83.68142105107599,204.31857894892403
0.7308746937020569,1.784521306297944,11.059894482250545,27.004105517749462,83.68142105107599,204.31857894892403
0.7429053507805978,1.8138956492194027,11.150549355055876,27.22545064494413,83.68142105107599,204.31857894892403
0.7550342173046781,1.8435097826953233,11.24120422786121,27.4467957721388,83.68142105107599,204.31857894892403
0.7672612932742972,1.8733637067257036,11.331859100666541,27.668140899333466,83.68142105107599,204.31857894892403
0.7795865786894555,1.9034574213105453,11.422513973471872,27.889486026528132,83.68142105107599,204.31857894892403
0.7920100735501527,1.9337909264498474,11.513168846277205,28.1108311537228,83.68142105107599,204.31857894892403
0.8045317778563895,1.9643642221436117,11.603823719082538,28.33217628091747,83.68142105107599,204.31857894892403
0.8171516916081649,1.9951773083918356,11.69447859188787,28.553521408112136,83.68142105107599,204.31857894892403
0.8298698148054796,2.0262301851945206,11.785133464693201,28.7748665353068,83.68142105107599,204.31857894892403
0.8426861474483337,2.0575228525516676,11.875788337498536,28.996211662501473,83.68142105107599,204.31857894892403
0.8556006895367265,2.089055310463274,11.966443210303867,29.217556789696136,83.68142105107599,204.31857894892403
0.8686134410706585,2.1208275589293417,12.057098083109198,29.438901916890803,83.68142105107599,204.31857894892403
0.8817244020501299,2.152839597949871,12.147752955914532,29.660247044085473,83.68142105107599,204.31857894892403
0.8949335724751402,2.1850914275248607,12.238407828719863,29.88159217128014,83.68142105107599,204.31857894892403
0.9082409523456896,2.217583047654311,12.329062701525196,30.102937298474806,83.68142105107599,204.31857894892403
0.9216465416617778,2.250314458338222,12.419717574330527,30.324282425669473,83.68142105107599,204.31857894892403
0.9351503404234057,2.2832856595765954,12.510372447135861,30.545627552864143,83.68142105107599,204.31857894892403
0.9487523486305723,2.316496651369428,12.601027319941192,30.76697268005881,83.68142105107599,204.31857894892403
0.9624525662832781,2.349947433716722,12.691682192746525,30.988317807253477,83.68142105107599,204.31857894892403
0.9762509933815232,2.3836380066184777,12.782337065551857,31.209662934448147,83.68142105107599,204.31857894892403
0.9901476299253072,2.4175683700746933,12.87299193835719,31.431008061642814,83.68142105107599,204.31857894892403
1.0041424759146302,2.45173852408537,12.963646811162521,31.65235318883748,83.68142105107599,204.31857894892403
1.018235531349493,2.4861484686505086,13.054301683967857,31.873698316032154,83.68142105107599,204.31857894892403
1.0324267962298943,2.520798203770107,13.144956556773188,32.09504344322682,83.68142105107599,204.31857894892403
1.0467162705558346,2.5556877294441662,13.23561142957852,32.31638857042149,83.68142105107599,204.31857894892403
1.0611039543273144,2.590817045672687,13.326266302383853,32.537733697616154,83.68142105107599,204.31857894892403
1.075589847544333,2.6261861524556678,13.416921175189184,32.75907882481082,83.68142105107599,204.31857894892403
1.0901739502068908,2.6617950497931098,13.507576047994517,32.98042395200549,83.68142105107599,204.31857894892403
1.1048562623149878,2.697643737685013,13.598230920799848,33.201769079200155,83.68142105107599,204.31857894892403
1.119636783868624,2.733732216131377,13.688885793605182,33.42311420639483,83.68142105107599,204.31857894892403
1.134515514867799,2.770060485132202,13.779540666410513,33.644459333589495,83.68142105107599,204.31857894892403
1.1494924553125132,2.806628544687487,13.870195539215846,33.86580446078416,83.68142105107599,204.31857894892403
1.164567605202767,2.8434363947972345,13.960850412021179,34.08714958797883,83.68142105107599,204.31857894892403
1.1797409645385593,2.880484035461442,14.051505284826511,34.308494715173495,83.68142105107599,204.31857894892403
1.1950125333198907,2.91777146668011,14.142160157631842,34.52983984236816,83.68142105107599,204.31857894892403
1.2103823115467616,2.9552986884532393,14.232815030437177,34.751184969562836,83.68142105107599,204.31857894892403
1.2258502992191713,2.9930657007808295,14.323469903242508,34.9725300967575,83.68142105107599,204.31857894892403
1.2414164963371204,3.0310725036628807,14.414124776047839,35.19387522395216,83.68142105107599,204.31857894892403
1.2570809029006083,3.069319097099392,14.504779648853171,35.41522035114683,83.68142105107599,204.31857894892403
1.2728435189096354,3.1078054810903653,14.595434521658504,35.6365654783415,83.68142105107599,204.31857894892403
1.2887043443642017,3.146531655635799,14.686089394463837,35.85791060553617,83.68142105107599,204.31857894892403
1.304663379264307,3.1854976207356933,14.776744267269168,36.079255732730836,83.68142105107599,204.31857894892403
1.3207206236099518,3.2247033763900497,14.867399140074502,36.3006008599255,83.68142105107599,204.31857894892403
1.3368760774011352,3.264148922598866,14.958054012879833,36.52194598712017,83.68142105107599,204.31857894892403
1.3531297406378577,3.3038342593621426,15.048708885685164,36.743291114314836,83.68142105107599,204.31857894892403
1.36948161332012,3.343759386679882,15.139363758490498,36.96463624150951,83.68142105107599,204.31857894892403
1.3859316954479206,3.38392430455208,15.23001863129583,37.18598136870418,83.68142105107599,204.31857894892403
1.4024799870212608,3.42432901297874,15.320673504101162,37.40732649589884,83.68142105107599,204.31857894892403
1.4191264880401397,3.4649735119598604,15.411328376906493,37.6286716230935,83.68142105107599,204.31857894892403
1.4358711985045582,3.505857801495443,15.501983249711827,37.85001675028818,83.68142105107599,204.31857894892403
1.4527141184145156,3.5469818815854857,15.592638122517158,38.07136187748284,83.68142105107599,204.31857894892403
1.4696552477700118,3.5883457522299884,15.68329299532249,38.29270700467751,83.68142105107599,204.31857894892403
1.4866945865710477,3.629949413428954,15.773947868127825,38.514052131872184,83.68142105107599,204.31857894892403
1.5038321348176222,3.6717928651823786,15.864602740933158,38.73539725906685,83.68142105107599,204.31857894892403
1.5210678925097358,3.7138761074902646,15.955257613738489,38.95674238626152,83.68142105107599,204.31857894892403
1.5384018596473892,3.7561991403526127,16.045912486543823,39.17808751345619,83.68142105107599,204.31857894892403
1.5558340362305811,3.7987619637694205,16.136567359349154,39.39943264065085,83.68142105107599,204.31857894892403
1.5733644222593122,3.8415645777406886,16.227222232154485,39.62077776784552,83.68142105107599,204.31857894892403
1.5909930177335825,3.8846069822664187,16.317877104959816,39.842122895040184,83.68142105107599,204.31857894892403
1.6087198226533919,3.9278891773466094,16.40853197776515,40.06346802223486,83.68142105107599,204.31857894892403
1.62654483701874,3.9714111629812607,16.49918685057048,40.284813149429525,83.68142105107599,204.31857894892403
1.6444680608296276,4.015172939170373,16.589841723375816,40.50615827662419,83.68142105107599,204.31857894892403
1.6624894940860546,4.059174505913947,16.680496596181147,40.72750340381886,83.68142105107599,204.31857894892403
1.6806091367880205,4.103415863211981,16.77115146898648,40.948848531013525,83.68142105107599,204.31857894892403
1.6988269889355252,4.147897011064476,16.861806341791812,41.17019365820819,83.68142105107599,204.31857894892403
1.7171430505285694,4.192617949471432,16.952461214597147,41.391538785402865,83.68142105107599,204.31857894892403
1.7355573215671525,4.237578678432849,17.043116087402478,41.61288391259753,83.68142105107599,204.31857894892403
1.7540698020512746,4.282779197948726,17.13377096020781,41.8342290397922,83.68142105107599,204.31857894892403
1.7726804919809362,4.328219508019066,17.224425833013143,42.055574166986865,83.68142105107599,204.31857894892403
1.7913893913561365,4.373899608643865,17.315080705818474,42.27691929418153,83.68142105107599,204.31857894892403
1.8101965001768758,4.419819499823125,17.405735578623805,42.4982644213762,83.68142105107599,204.31857894892403
1.8291018184431544,4.465979181556846,17.496390451429136,42.719609548570865,83.68142105107599,204.31857894892403
1.8481053461549726,4.512378653845029,17.58704532423447,42.94095467576553,83.68142105107599,204.31857894892403
1.8672070833123293,4.559017916687672,17.6777001970398,43.1622998029602,83.68142105107599,204.31857894892403
1.8864070299152251,4.605896970084776,17.768355069845136,43.383644930154865,83.68142105107599,204.31857894892403
1.9057051859636607,4.653015814036341,17.85900994265047,43.604990057349546,83.68142105107599,204.31857894892403
1.9251015514576348,4.700374448542367,17.9496648154558,43.826335184544206,83.68142105107599,204.31857894892403
1.944596126397148,4.747972873602853,18.040319688261132,44.04768031173887,83.68142105107599,204.31857894892403
1.9641889107822008,4.795811089217802,18.130974561066466,44.26902543893355,83.68142105107599,204.31857894892403
1.9838799046127922,4.843889095387209,18.221629433871797,44.49037056612821,83.68142105107599,204.31857894892403
2.0036691078889226,4.892206892111078,18.312284306677128,44.71171569332288,83.68142105107599,204.31857894892403
2.0235565206105925,4.940764479389409,18.402939179482463,44.93306082051755,83.68142105107599,204.31857894892403
2.0435421427778016,4.989561857222201,18.493594052287794,45.15440594771221,83.68142105107599,204.31857894892403
2.0636259743905496,5.038599025609452,18.584248925093128,45.37575107490688,83.68142105107599,204.31857894892403
2.0838080154488363,5.0878759845511645,18.67490379789846,45.59709620210155,83.68142105107599,204.31857894892403
2.1040882659526625,5.137392734047339,18.76555867070379,45.81844132929621,83.68142105107599,204.31857894892403
2.124466725902028,5.1871492740979726,18.85621354350912,46.03978645649088,83.68142105107599,204.31857894892403
2.144943395296932,5.237145604703068,18.94686841631445,46.26113158368555,83.68142105107599,204.31857894892403
2.1655182741373764,5.287381725862626,19.03752328911979,46.48247671088022,83.68142105107599,204.31857894892403
2.186191362423359,5.337857637576643,19.12817816192512,46.70382183807489,83.68142105107599,204.31857894892403
2.2069626601548804,5.388573339845121,19.21883303473045,46.925166965269554,83.68142105107599,204.31857894892403
2.227832167331941,5.439528832668059,19.309487907535782,47.14651209246422,83.68142105107599,204.31857894892403
2.248799883954542,5.490724116045461,19.40014278034112,47.367857219658895,83.68142105107599,204.31857894892403
2.2698658100226807,5.542159189977322,19.49079765314645,47.58920234685356,83.68142105107599,204.31857894892403
2.2910299455363585,5.593834054463643,19.581452525951782,47.81054747404823,83.68142105107599,204.31857894892403
2.3122922904955763,5.645748709504426,19.672107398757113,48.031892601242895,83.68142105107599,204.31857894892403
2.3336528449003326,5.697903155099669,19.762762271562448,48.25323772843756,83.68142105107599,204.31857894892403
2.355111608750628,5.750297391249374,19.85341714436778,48.47458285563223,83.68142105107599,204.31857894892403
2.376668582046463,5.802931417953539,19.944072017173113,48.6959279828269,83.68142105107599,204.31857894892403
2.3983237647878366,5.8558052352121654,20.034726889978444,48.91727311002157,83.68142105107599,204.31857894892403
2.4200771569747492,5.908918843025252,20.12538176278378,49.138618237216235,83.68142105107599,204.31857894892403
2.4419287586072014,5.9622722413928,20.21603663558911,49.3599633644109,83.68142105107599,204.31857894892403
2.4638785696851926,6.015865430314809,20.30669150839444,49.58130849160557,83.68142105107599,204.31857894892403
2.4859265902087224,6.069698409791279,20.39734638119977,49.80265361880023,83.68142105107599,204.31857894892403
2.5080728201777918,6.123771179822209,20.488001254005102,50.023998745994895,83.68142105107599,204.31857894892403
2.5303172595924,6.178083740407602,20.57865612681044,50.245343873189576,83.68142105107599,204.31857894892403
2.552659908452548,6.232636091547454,20.66931099961577,50.46668900038424,83.68142105107599,204.31857894892403
2.5751007667582346,6.2874282332417675,20.759965872421102,50.6880341275789,83.68142105107599,204.31857894892403
2.5976398345094607,6.342460165490542,20.850620745226433,50.90937925477357,83.68142105107599,204.31857894892403
2.6202744966618168,6.397725503338184,20.920355262768997,51.07964473723101,0.0,0.0
2.64293821486315,6.453061785136851,20.920355262768997,51.07964473723101,0.0,0.0
2.6656019330644827,6.508398066935516,20.920355262768997,51.07964473723101,0.0,0.0
2.688265651265816,6.563734348734183,20.920355262768997,51.07964473723101,0.0,0.0
2.710929369467151,6.619070630532855,20.920355262768997,51.07964473723101,0.0,0.0
2.7335930876684826,6.674406912331519,20.920355262768997,51.07964473723101,0.0,0.0
2.7562568058698163,6.7297431941301875,20.920355262768997,51.07964473723101,0.0,0.0
2.778920524071148,6.7850794759288515,20.920355262768997,51.07964473723101,0.0,0.0
2.801584242272482,6.840415757727521,20.920355262768997,51.07964473723101,0.0,0.0
2.824247960473814,6.895752039526185,20.920355262768997,51.07964473723101,0.0,0.0
2.846911678675148,6.951088321324854,20.920355262768997,51.07964473723101,0.0,0.0
2.869575396876482,7.006424603123523,20.920355262768997,51.07964473723101,0.0,0.0
2.892239115077815,7.061760884922189,20.920355262768997,51.07964473723101,0.0,0.0
2.9149028332791476,7.117097166720856,20.920355262768997,51.07964473723101,0.0,0.0
2.9375665514804807,7.172433448519523,20.920355262768997,51.07964473723101,0.0,0.0
2.9602302696818135,7.2277697303181885,20.920355262768997,51.07964473723101,0.0,0.0
2.9828939878831466,7.283106012116855,20.920355262768997,51.07964473723101,0.0,0.0
3.0055577060844803,7.3384422939155245,20.920355262768997,51.07964473723101,0.0,0.0
3.0282214242858134,7.393778575714191,20.920355262768997,51.07964473723101,0.0,0.0
3.050885142487146,7.449114857512857,20.920355262768997,51.07964473723101,0.0,0.0
3.0735488606884793,7.504451139311524,20.920355262768997,51.07964473723101,0.0,0.0
3.096212578889812,7.55978742111019,20.920355262768997,51.07964473723101,0.0,0.0
3.118876297091145,7.615123702908857,20.920355262768997,51.07964473723101,0.0,0.0
3.141540015292478,7.670459984707524,20.920355262768997,51.07964473723101,0.0,0.0
3.164203733493812,7.725796266506192,20.920355262768997,51.07964473723101,0.0,0.0
3.1868674516951447,7.781132548304859,20.920355262768997,51.07964473723101,0.0,0.0
3.2095311698964775,7.8364688301035255,20.920355262768997,51.07964473723101,0.0,0.0
3.2321948880978106,7.891805111902192,20.920355262768997,51.07964473723101,0.0,0.0
3.2548586062991434,7.947141393700858,20.920355262768997,51.07964473723101,0.0,0.0
3.2775223245004765,8.002477675499525,20.920355262768997,51.07964473723101,0.0,0.0
3.30018604270181,8.057813957298194,20.920355262768997,51.07964473723101,0.0,0.0
3.3228497609031433,8.11315023909686,20.920355262768997,51.07964473723101,0.0,0.0
3.345513479104476,8.168486520895527,20.920355262768997,51.07964473723101,0.0,0.0
3.368177197305809,8.223822802694194,20.920355262768997,51.07964473723101,0.0,0.0
3.390840915507142,8.27915908449286,20.920355262768997,51.07964473723101,0.0,0.0
3.4135046337084747,8.334495366291526,20.920355262768997,51.07964473723101,0.0,0.0
3.436168351909808,8.389831648090192,20.920355262768997,51.07964473723101,0.0,0.0
3.4588320701111415,8.445167929888862,20.920355262768997,51.07964473723101,0.0,0.0
3.4814957883124746,8.50050421168753,20.920355262768997,51.07964473723101,0.0,0.0
3.5041595065138074,8.555840493486194,20.920355262768997,51.07964473723101,0.0,0.0
3.5268232247151405,8.61117677528486,20.920355262768997,51.07964473723101,0.0,0.0
3.5494869429164733,8.666513057083527,20.920355262768997,51.07964473723101,0.0,0.0
3.572150661117806,8.721849338882194,20.920355262768997,51.07964473723101,0.0,0.0
3.594814379319139,8.77718562068086,20.920355262768997,51.07964473723101,0.0,0.0
3.617478097520473,8.83252190247953,20.920355262768997,51.07964473723101,0.0,0.0
3.640141815721806,8.887858184278196,20.920355262768997,51.07964473723101,0.0,0.0
3.6628055339231387,8.943194466076863,20.920355262768997,51.07964473723101,0.0,0.0
3.685469252124472,8.99853074787553,20.920355262768997,51.07964473723101,0.0,0.0
3.7081329703258046,9.053867029674196,20.920355262768997,51.07964473723101,0.0,0.0
3.7307966885271373,9.109203311472863,20.920355262768997,51.07964473723101,0.0,0.0
3.7534604067284714,9.164539593271531,20.920355262768997,51.07964473723101,0.0,0.0
3.7761241249298045,9.219875875070198,20.920355262768997,51.07964473723101,0.0,0.0
3.7987878431311373,9.275212156868864,20.920355262768997,51.07964473723101,0.0,0.0
3.82145156133247,9.330548438667531,20.920355262768997,51.07964473723101,0.0,0.0
3.844115279533803,9.385884720466198,20.920355262768997,51.07964473723101,0.0,0.0
3.866778997735136,9.441221002264864,20.920355262768997,51.07964473723101,0.0,0.0
3.889442715936469,9.496557284063531,20.920355262768997,51.07964473723101,0.0,0.0
3.912106434137804,9.551893565862201,20.920355262768997,51.07964473723101,0.0,0.0
3.934770152339136,9.607229847660866,20.920355262768997,51.07964473723101,0.0,0.0
3.9574338705404695,9.662566129459535,20.920355262768997,51.07964473723101,0.0,0.0
3.9800975887418018,9.7179024112582,20.920355262768997,51.07964473723101,0.0,0.0
4.002761306943135,9.773238693056868,20.920355262768997,51.07964473723101,0.0,0.0
4.025425025144467,9.828574974855531,20.920355262768997,51.07964473723101,0.0,0.0
4.048088743345803,9.883911256654203,20.920355262768997,51.07964473723101,0.0,0.0
4.070752461547135,9.93924753845287,20.920355262768997,51.07964473723101,0.0,0.0
4.093416179748468,9.994583820251536,20.920355262768997,51.07964473723101,0.0,0.0
4.116079897949801,10.049920102050203,20.920355262768997,51.07964473723101,0.0,0.0
4.1387436161511335,10.10525638384887,20.920355262768997,51.07964473723101,0.0,0.0
4.161407334352467,10.160592665647536,20.920355262768997,51.07964473723101,0.0,0.0
4.1840710525538,10.215928947446203,20.920355262768997,51.07964473723101,0.0,0.0
4.2067347707551335,10.271265229244872,20.920355262768997,51.07964473723101,0.0,0.0
4.229398488956466,10.326601511043538,20.920355262768997,51.07964473723101,0.0,0.0
4.2520622071578,10.381937792842205,20.920355262768997,51.07964473723101,0.0,0.0
4.2747259253591325,10.437274074640872,20.920355262768997,51.07964473723101,0.0,0.0
4.297389643560465,10.492610356439537,20.920355262768997,51.07964473723101,0.0,0.0
4.320053361761798,10.547946638238203,20.920355262768997,51.07964473723101,0.0,0.0
4.342717079963131,10.60328292003687,20.920355262768997,51.07964473723101,0.0,0.0
4.365380798164465,10.65861920183554,20.920355262768997,51.07964473723101,0.0,0.0
4.388044516365798,10.713955483634205,20.920355262768997,51.07964473723101,0.0,0.0
4.410708234567131,10.769291765432872,20.920355262768997,51.07964473723101,0.0,0.0
4.433371952768463,10.824628047231538,20.920355262768997,51.07964473723101,0.0,0.0
4.456035670969797,10.879964329030205,20.920355262768997,51.07964473723101,0.0,0.0
4.47869938917113,10.935300610828872,20.920355262768997,51.07964473723101,0.0,0.0
4.501363107372463,10.99063689262754,20.920355262768997,51.07964473723101,0.0,0.0
4.524026825573796,11.045973174426207,20.920355262768997,51.07964473723101,0.0,0.0
4.54669054377513,11.101309456224874,20.920355262768997,51.07964473723101,0.0,0.0
4.569354261976462,11.15664573802354,20.920355262768997,51.07964473723101,0.0,0.0
4.592017980177795,11.211982019822207,20.920355262768997,51.07964473723101,0.0,0.0
4.614681698379128,11.267318301620874,20.920355262768997,51.07964473723101,0.0,0.0
4.637345416580461,11.32265458341954,20.920355262768997,51.07964473723101,0.0,0.0
4.660009134781795,11.377990865218209,20.920355262768997,51.07964473723101,0.0,0.0
4.682672852983128,11.433327147016875,20.920355262768997,51.07964473723101,0.0,0.0
4.705336571184461,11.488663428815542,20.920355262768997,51.07964473723101,0.0,0.0
4.728000289385793,11.543999710614209,20.920355262768997,51.07964473723101,0.0,0.0
4.750664007587127,11.599335992412875,20.920355262768997,51.07964473723101,0.0,0.0
4.77332772578846,11.654672274211542,20.920355262768997,51.07964473723101,0.0,0.0
4.795991443989792,11.710008556010209,20.920355262768997,51.07964473723101,0.0,0.0
4.818655162191126,11.765344837808877,20.920355262768997,51.07964473723101,0.0,0.0
4.84131888039246,11.820681119607544,20.920355262768997,51.07964473723101,0.0,0.0
4.863982598593792,11.87601740140621,20.920355262768997,51.07964473723101,0.0,0.0
4.886646316795125,11.931353683204877,20.920355262768997,51.07964473723101,0.0,0.0
4.909310034996458,11.986689965003542,20.920355262768997,51.07964473723101,0.0,0.0
4.9319737531977905,12.042026246802209,20.920355262768997,51.07964473723101,0.0,0.0
4.954637471399125,12.097362528600879,20.920355262768997,51.07964473723101,0.0,0.0
4.977301189600458,12.152698810399546,20.920355262768997,51.07964473723101,0.0,0.0
4.9999649078017905,12.20803509219821,20.920355262768997,51.07964473723101,0.0,0.0
5.022628626003123,12.263371373996877,20.920355262768997,51.07964473723101,0.0,0.0
5.045292344204456,12.318707655795544,20.920355262768997,51.07964473723101,0.0,0.0
5.0679560624057896,12.37404393759421,20.920355262768997,51.07964473723101,0.0,0.0
5.090619780607122,12.429380219392877,20.920355262768997,51.07964473723101,0.0,0.0
5.113283498808457,12.48471650119155,20.920355262768997,51.07964473723101,0.0,0.0
5.135947217009789,12.540052782990212,20.920355262768997,51.07964473723101,0.0,0.0
5.158610935211123,12.595389064788883,20.920355262768997,51.07964473723101,0.0,0.0
5.181274653412455,12.650725346587546,20.920355262768997,51.07964473723101,0.0,0.0
5.203938371613789,12.706061628386214,20.920355262768997,51.07964473723101,0.0,0.0
5.22660208981512,12.76139791018488,20.920355262768997,51.07964473723101,0.0,0.0
5.249265808016456,12.816734191983551,20.920355262768997,51.07964473723101,0.0,0.0
5.2719295262177885,12.872070473782218,20.920355262768997,51.07964473723101,0.0,0.0
5.294593244419121,12.927406755580883,20.920355262768997,51.07964473723101,0.0,0.0
5.317256962620454,12.98274303737955,20.920355262768997,51.07964473723101,0.0,0.0
5.339920680821788,13.038079319178216,20.920355262768997,51.07964473723101,0.0,0.0
5.36258439902312,13.093415600976883,20.920355262768997,51.07964473723101,0.0,0.0
5.385248117224453,13.14875188277555,20.920355262768997,51.07964473723101,0.0,0.0
5.407911835425787,13.204088164574218,20.920355262768997,51.07964473723101,0.0,0.0
5.43057555362712,13.259424446372885,20.920355262768997,51.07964473723101,0.0,0.0
5.453239271828453,13.314760728171551,20.920355262768997,51.07964473723101,0.0,0.0
5.475902990029786,13.370097009970218,20.920355262768997,51.07964473723101,0.0,0.0
5.4985667082311185,13.425433291768885,20.920355262768997,51.07964473723101,0.0,0.0
5.521230426432451,13.480769573567551,20.920355262768997,51.07964473723101,0.0,0.0
5.543894144633785,13.536105855366218,20.920355262768997,51.07964473723101,0.0,0.0
5.566557862835118,13.591442137164886,20.920355262768997,51.07964473723101,0.0,0.0
5.589221581036451,13.646778418963553,20.920355262768997,51.07964473723101,0.0,0.0
5.611885299237784,13.70211470076222,20.920355262768997,51.07964473723101,0.0,0.0
5.634549017439117,13.757450982560886,20.920355262768997,51.07964473723101,0.0,0.0
5.65721273564045,13.812787264359553,20.920355262768997,51.07964473723101,0.0,0.0
5.679876453841783,13.86812354615822,20.920355262768997,51.07964473723101,0.0,0.0
5.702540172043117,13.923459827956888,20.920355262768997,51.07964473723101,0.0,0.0
5.725203890244449,13.978796109755555,20.920355262768997,51.07964473723101,0.0,0.0
5.747867608445783,14.034132391554222,20.920355262768997,51.07964473723101,0.0,0.0
5.770531326647116,14.089468673352888,20.920355262768997,51.07964473723101,0.0,0.0
5.793195044848448,14.144804955151553,20.920355262768997,51.07964473723101,0.0,0.0
5.815858763049781,14.20014123695022,20.920355262768997,51.07964473723101,0.0,0.0
5.838522481251114,14.255477518748886,20.920355262768997,51.07964473723101,0.0,0.0
5.861186199452448,14.310813800547557,20.920355262768997,51.07964473723101,0.0,0.0
5.883849917653781,14.366150082346222,20.920355262768997,51.07964473723101,0.0,0.0
5.906513635855114,14.421486364144888,20.920355262768997,51.07964473723101,0.0,0.0
5.9291773540564465,14.476822645943555,20.920355262768997,51.07964473723101,0.0,0.0
5.95184107225778,14.532158927742222,20.920355262768997,51.07964473723101,0.0,0.0
5.974504790459113,14.587495209540888,20.920355262768997,51.07964473723101,0.0,0.0
5.9971685086604465,14.642831491339557,20.920355262768997,51.07964473723101,0.0,0.0
6.019832226861779,14.698167773138223,20.920355262768997,51.07964473723101,0.0,0.0
6.042495945063113,14.75350405493689,20.920355262768997,51.07964473723101,0.0,0.0
6.0651596632644456,14.808840336735557,20.920355262768997,51.07964473723101,0.0,0.0
6.087823381465778,14.864176618534223,20.920355262768997,51.07964473723101,0.0,0.0
6.110487099667111,14.91951290033289,20.920355262768997,51.07964473723101,0.0,0.0
6.133150817868444,14.974849182131557,20.920355262768997,51.07964473723101,0.0,0.0
6.155814536069778,15.030185463930225,20.920355262768997,51.07964473723101,0.0,0.0
6.178478254271111,15.085521745728892,20.920355262768997,51.07964473723101,0.0,0.0
6.201141972472444,15.140858027527559,20.920355262768997,51.07964473723101,0.0,0.0
6.223805690673776,15.196194309326225,20.920355262768997,51.07964473723101,0.0,0.0
6.24646940887511,15.251530591124892,20.920355262768997,51.07964473723101,0.0,0.0
6.269133127076443,15.306866872923559,20.920355262768997,51.07964473723101,0.0,0.0
6.2917968452777755,15.362203154722225,20.920355262768997,51.07964473723101,0.0,0.0
6.31446056347911,15.417539436520896,20.920355262768997,51.07964473723101,0.0,0.0
6.337124281680442,15.47287571831956,20.920355262768997,51.07964473723101,0.0,0.0
6.359787999881776,15.528212000118229,20.920355262768997,51.07964473723101,0.0,0.0
6.382451718083108,15.583548281916894,20.920355262768997,51.07964473723101,0.0,0.0
6.405115436284442,15.638884563715562,20.920355262768997,51.07964473723101,0.0,0.0
6.427779154485774,15.694220845514225,20.920355262768997,51.07964473723101,0.0,0.0
6.450442872687109,15.749557127312897,20.920355262768997,51.07964473723101,0.0,0.0
6.473106590888442,15.804893409111564,20.920355262768997,51.07964473723101,0.0,0.0
6.4957703090897745,15.86022969091023,20.920355262768997,51.07964473723101,0.0,0.0
6.518434027291107,15.915565972708897,20.920355262768997,51.07964473723101,0.0,0.0
6.541097745492441,15.970902254507564,20.920355262768997,51.07964473723101,0.0,0.0
6.563761463693774,16.02623853630623,20.920355262768997,51.07964473723101,0.0,0.0
6.586425181895106,16.081574818104897,20.920355262768997,51.07964473723101,0.0,0.0
6.60908890009644,16.136911099903564,20.920355262768997,51.07964473723101,0.0,0.0
6.6317526182977735,16.19224738170223,20.920355262768997,51.07964473723101,0.0,0.0
6.654416336499106,16.247583663500897,20.920355262768997,51.07964473723101,0.0,0.0
6.677080054700439,16.302919945299564,20.920355262768997,51.07964473723101,0.0,0.0
6.699743772901771,16.358256227098227,20.920355262768997,51.07964473723101,0.0,0.0
6.722407491103104,16.413592508896897,20.920355262768997,51.07964473723101,0.0,0.0
6.745071209304439,16.468928790695568,20.920355262768997,51.07964473723101,0.0,0.0
6.767734927505771,16.52426507249423,20.920355262768997,51.07964473723101,0.0,0.0
6.790398645707104,16.5796013542929,20.920355262768997,51.07964473723101,0.0,0.0
6.813062363908436,16.634937636091564,20.920355262768997,51.07964473723101,0.0,0.0
6.835726082109771,16.690273917890234,20.920355262768997,51.07964473723101,0.0,0.0
6.858389800311103,16.745610199688898,20.920355262768997,51.07964473723101,0.0,0.0
6.881053518512436,16.800946481487568,20.920355262768997,51.07964473723101,0.0,0.0
6.90371723671377,16.856282763286234,20.920355262768997,51.07964473723101,0.0,0.0
6.926380954915104,16.911619045084905,20.920355262768997,51.07964473723101,0.0,0.0
6.949044673116436,16.966955326883568,20.920355262768997,51.07964473723101,0.0,0.0
6.971708391317768,17.02229160868223,20.920355262768997,51.07964473723101,0.0,0.0
6.994372109519102,17.0776278904809,20.920355262768997,51.07964473723101,0.0,0.0
7.017035827720435,17.13296417227957,20.920355262768997,51.07964473723101,0.0,0.0
7.039699545921768,17.188300454078234,20.920355262768997,51.07964473723101,0.0,0.0
7.062363264123102,17.243636735876905,20.920355262768997,51.07964473723101,0.0,0.0
7.085026982324435,17.29897301767557,20.920355262768997,51.07964473723101,0.0,0.0
7.107690700525767,17.354309299474235,20.920355262768997,51.07964473723101,0.0,0.0
7.1303544187271015,17.409645581272905,20.920355262768997,51.07964473723101,0.0,0.0
7.153018136928433,17.464981863071568,20.920355262768997,51.07964473723101,0.0,0.0
7.175681855129767,17.520318144870238,20.920355262768997,51.07964473723101,0.0,0.0
7.198345573331101,17.57565442666891,20.920355262768997,51.07964473723101,0.0,0.0
7.221009291532432,17.63099070846757,20.920355262768997,51.07964473723101,0.0,0.0
7.243673009733767,17.68632699026624,20.920355262768997,51.07964473723101,0.0,0.0
7.266336727935099,17.741663272064905,20.920355262768997,51.07964473723101,0.0,0.0
7.289000446136432,17.79699955386357,20.920355262768997,51.07964473723101,0.0,0.0
7.311664164337764,17.852335835662238,20.920355262768997,51.07964473723101,0.0,0.0
7.334327882539099,17.907672117460905,20.920355262768997,51.07964473723101,0.0,0.0
7.356991600740432,17.963008399259575,20.920355262768997,51.07964473723101,0.0,0.0
7.379655318941764,18.018344681058238,20.920355262768997,51.07964473723101,0.0,0.0
7.402319037143098,18.07368096285691,20.920355262768997,51.07964473723101,0.0,0.0
7.42498275534443,18.12901724465557,20.920355262768997,51.07964473723101,0.0,0.0
7.447646473545764,18.18435352645424,20.920355262768997,51.07964473723101,0.0,0.0
7.470310191747096,18.239689808252905,20.920355262768997,51.07964473723101,0.0,0.0
7.49297390994843,18.295026090051575,20.920355262768997,51.07964473723101,0.0,0.0
7.515637628149764,18.35036237185024,20.920355262768997,51.07964473723101,0.0,0.0
7.538301346351096,18.40569865364891,20.920355262768997,51.07964473723101,0.0,0.0
7.56096506455243,18.461034935447575,20.920355262768997,51.07964473723101,0.0,0.0
7.583628782753761,18.516371217246242,20.920355262768997,51.07964473723101,0.0,0.0
7.606292500955095,18.57170749904491,20.920355262768997,51.07964473723101,0.0,0.0
7.628956219156427,18.62704378084357,20.920355262768997,51.07964473723101,0.0,0.0
7.651619937357761,18.682380062642242,20.920355262768997,51.07964473723101,0.0,0.0
7.674283655559095,18.737716344440912,20.920355262768997,51.07964473723101,0.0,0.0
7.696947373760427,18.793052626239575,20.920355262768997,51.07964473723101,0.0,0.0
7.71961109196176,18.848388908038245,20.920355262768997,51.07964473723101,0.0,0.0
7.742274810163093,18.90372518983691,20.920355262768997,51.07964473723101,0.0,0.0
7.764938528364427,18.95906147163558,20.920355262768997,51.07964473723101,0.0,0.0
7.787602246565759,19.014397753434242,20.920355262768997,51.07964473723101,0.0,0.0
7.810265964767092,19.06973403523291,20.920355262768997,51.07964473723101,0.0,0.0
7.832929682968427,19.12507031703158,20.920355262768997,51.07964473723101,0.0,0.0
7.855593401169759,19.180406598830242,20.920355262768997,51.07964473723101,0.0,0.0
7.878257119371092,19.235742880628912,20.920355262768997,51.07964473723101,0.0,0.0
7.900920837572424,19.291079162427575,20.920355262768997,51.07964473723101,0.0,0.0
7.923584555773758,19.346415444226245,20.920355262768997,51.07964473723101,0.0,0.0
7.9462482739750895,19.40175172602491,20.920355262768997,51.07964473723101,0.0,0.0
7.968911992176424,19.45708800782358,20.920355262768997,51.07964473723101,0.0,0.0
7.991575710377756,19.512424289622242,20.920355262768997,51.07964473723101,0.0,0.0
8.01423942857909,19.567760571420912,20.920355262768997,51.07964473723101,0.0,0.0
8.036903146780425,19.623096853219586,20.920355262768997,51.07964473723101,0.0,0.0
8.059566864981758,19.67843313501825,20.920355262768997,51.07964473723101,0.0,0.0
8.08223058318309,19.733769416816912,20.920355262768997,51.07964473723101,0.0,0.0
8.104894301384423,19.789105698615582,20.920355262768997,51.07964473723101,0.0,0.0
8.127558019585758,19.844441980414253,20.920355262768997,51.07964473723101,0.0,0.0
8.150221737787088,19.899778262212916,20.920355262768997,51.07964473723101,0.0,0.0
8.172885455988421,19.95511454401158,20.920355262768997,51.07964473723101,0.0,0.0
8.195549174189756,20.01045082581025,20.920355262768997,51.07964473723101,0.0,0.0
8.218212892391088,20.065787107608916,20.920355262768997,51.07964473723101,0.0,0.0
8.240876610592421,20.121123389407582,20.920355262768997,51.07964473723101,0.0,0.0
8.263540328793752,20.176459671206246,20.920355262768997,51.07964473723101,0.0,0.0
8.286204046995087,20.231795953004916,20.920355262768997,51.07964473723101,0.0,0.0
8.308867765196421,20.287132234803583,20.920355262768997,51.07964473723101,0.0,0.0
8.331531483397754,20.342468516602253,20.920355262768997,51.07964473723101,0.0,0.0
8.354195201599088,20.39780479840092,20.920355262768997,51.07964473723101,0.0,0.0
8.376858919800421,20.453141080199586,20.920355262768997,51.07964473723101,0.0,0.0
8.399522638001754,20.508477361998253,20.920355262768997,51.07964473723101,0.0,0.0
8.422186356203087,20.56381364379692,20.920355262768997,51.07964473723101,0.0,0.0
8.44485007440442,20.619149925595586,20.920355262768997,51.07964473723101,0.0,0.0
8.467513792605752,20.674486207394253,20.920355262768997,51.07964473723101,0.0,0.0
8.490177510807086,20.72982248919292,20.920355262768997,51.07964473723101,0.0,0.0
8.512841229008417,20.785158770991583,20.920355262768997,51.07964473723101,0.0,0.0
8.535504947209752,20.840495052790253,20.920355262768997,51.07964473723101,0.0,0.0
8.558168665411083,20.895831334588916,20.920355262768997,51.07964473723101,0.0,0.0
8.580832383612417,20.951167616387586,20.920355262768997,51.07964473723101,0.0,0.0
8.60349610181375,21.00650389818625,20.920355262768997,51.07964473723101,0.0,0.0
8.626159820015085,21.061840179984923,20.920355262768997,51.07964473723101,0.0,0.0
8.648823538216417,21.11717646178359,20.920355262768997,51.07964473723101,0.0,0.0
8.671487256417752,21.172512743582256,20.920355262768997,51.07964473723101,0.0,0.0
8.694150974619083,21.22784902538092,20.920355262768997,51.07964473723101,0.0,0.0
8.716814692820417,21.28318530717959,20.920355262768997,51.07964473723101,0.0,0.0
8.739478411021748,21.338521588978253,20.920355262768997,51.07964473723101,0.0,0.0
8.762142129223083,21.393857870776923,20.920355262768997,51.07964473723101,0.0,0.0
8.784805847424416,21.449194152575586,20.920355262768997,51.07964473723101,0.0,0.0
8.807469565625748,21.504530434374256,20.920355262768997,51.07964473723101,0.0,0.0
8.830133283827081,21.55986671617292,20.920355262768997,51.07964473723101,0.0,0.0
8.852797002028414,21.61520299797159,20.920355262768997,51.07964473723101,0.0,0.0
8.875460720229746,21.670539279770253,20.920355262768997,51.07964473723101,0.0,0.0
8.898124438431081,21.725875561568923,20.920355262768997,51.07964473723101,0.0,0.0
8.920788156632414,21.78121184336759,20.920355262768997,51.07964473723101,0.0,0.0
8.943451874833748,21.83654812516626,20.920355262768997,51.07964473723101,0.0,0.0
8.966115593035079,21.891884406964923,20.920355262768997,51.07964473723101,0.0,0.0
8.988779311236414,21.947220688763593,20.920355262768997,51.07964473723101,0.0,0.0
9.011443029437746,22.002556970562257,20.920355262768997,51.07964473723101,0.0,0.0
9.034106747639079,22.057893252360927,20.920355262768997,51.07964473723101,0.0,0.0
9.056770465840412,22.11322953415959,20.920355262768997,51.07964473723101,0.0,0.0
9.079434184041746,22.16856581595826,20.920355262768997,51.07964473723101,0.0,0.0
9.102097902243077,22.223902097756923,20.920355262768997,51.07964473723101,0.0,0.0
9.124761620444412,22.279238379555593,20.920355262768997,51.07964473723101,0.0,0.0
9.147425338645743,22.334574661354257,20.920355262768997,51.07964473723101,0.0,0.0
9.170089056847077,22.389910943152927,20.920355262768997,51.07964473723101,0.0,0.0
9.192752775048408,22.44524722495159,20.920355262768997,51.07964473723101,0.0,0.0
9.215416493249744,22.500583506750264,20.920355262768997,51.07964473723101,0.0,0.0
9.238080211451079,22.555919788548934,20.920355262768997,51.07964473723101,0.0,0.0
9.260743929652412,22.611256070347597,20.920355262768997,51.07964473723101,0.0,0.0
9.283407647853743,22.66659235214626,20.920355262768997,51.07964473723101,0.0,0.0
9.306071366055077,22.72192863394493,20.920355262768997,51.07964473723101,0.0,0.0
9.32873508425641,22.777264915743597,20.920355262768997,51.07964473723101,0.0,0.0
9.351398802457743,22.832601197542264,20.920355262768997,51.07964473723101,0.0,0.0
9.374062520659074,22.887937479340927,20.920355262768997,51.07964473723101,0.0,0.0
9.396726238860408,22.943273761139594,20.920355262768997,51.07964473723101,0.0,0.0
9.419389957061743,22.998610042938264,20.920355262768997,51.07964473723101,0.0,0.0
9.442053675263073,23.053946324736927,20.920355262768997,51.07964473723101,0.0,0.0
9.464717393464406,23.109282606535594,20.920355262768997,51.07964473723101,0.0,0.0
9.48738111166574,23.16461888833426,20.920355262768997,51.07964473723101,0.0,0.0
9.510044829867073,23.21995517013293,20.920355262768997,51.07964473723101,0.0,0.0
9.532708548068408,23.2752914519316,20.920355262768997,51.07964473723101,0.0,0.0
9.555372266269742,23.330627733730267,20.920355262768997,51.07964473723101,0.0,0.0
9.578035984471073,23.38596401552893,20.920355262768997,51.07964473723101,0.0,0.0
9.600699702672408,23.4413002973276,20.920355262768997,51.07964473723101,0.0,0.0
9.623363420873739,23.496636579126264,20.920355262768997,51.07964473723101,0.0,0.0
9.646027139075073,23.551972860924934,20.920355262768997,51.07964473723101,0.0,0.0
9.668690857276404,23.607309142723597,20.920355262768997,51.07964473723101,0.0,0.0
9.691354575477739,23.662645424522267,20.920355262768997,51.07964473723101,0.0,0.0
9.714018293679072,23.71798170632093,20.920355262768997,51.07964473723101,0.0,0.0
9.736682011880404,23.7733179881196,20.920355262768997,51.07964473723101,0.0,0.0
9.759345730081737,23.828654269918264,20.920355262768997,51.07964473723101,0.0,0.0
9.782009448283072,23.883990551716934,20.920355262768997,51.07964473723101,0.0,0.0
9.804673166484402,23.939326833515597,20.920355262768997,51.07964473723101,0.0,0.0
9.827336884685739,23.99466311531427,20.920355262768997,51.07964473723101,0.0,0.0
9.85000060288707,24.049999397112934,20.920355262768997,51.07964473723101,0.0,0.0
9.872664321088404,24.105335678911604,20.920355262768997,51.07964473723101,0.0,0.0
9.895328039289737,24.160671960710268,20.920355262768997,51.07964473723101,0.0,0.0
9.91799175749107,24.216008242508938,20.920355262768997,51.07964473723101,0.0,0.0
9.940655475692402,24.2713445243076,20.920355262768997,51.07964473723101,0.0,0.0
9.963319193893737,24.32668080610627,20.920355262768997,51.07964473723101,0.0,0.0
9.985982912095068,24.382017087904934,20.920355262768997,51.07964473723101,0.0,0.0
10.008646630296402,24.437353369703604,20.920355262768997,51.07964473723101,0.0,0.0
10.031310348497733,24.492689651502268,20.920355262768997,51.07964473723101,0.0,0.0
10.053974066699068,24.548025933300938,20.920355262768997,51.07964473723101,0.0,0.0
10.076637784900399,24.6033622150996,20.920355262768997,51.07964473723101,0.0,0.0
10.099301503101733,24.658698496898268,20.920355262768997,51.07964473723101,0.0,0.0
10.121965221303068,24.714034778696938,20.920355262768997,51.07964473723101,0.0,0.0
10.1446289395044,24.769371060495608,20.920355262768997,51.07964473723101,0.0,0.0
10.167292657705733,24.82470734229427,20.920355262768997,51.07964473723101,0.0,0.0
10.189956375907068,24.88004362409294,20.920355262768997,51.07964473723101,0.0,0.0
10.212620094108399,24.935379905891605,20.920355262768997,51.07964473723101,0.0,0.0
10.235283812309733,24.990716187690275,20.920355262768997,51.07964473723101,0.0,0.0
10.257947530511064,25.046052469488938,20.920355262768997,51.07964473723101,0.0,0.0
10.280611248712399,25.101388751287605,20.920355262768997,51.07964473723101,0.0,0.0
10.303274966913731,25.15672503308627,20.920355262768997,51.07964473723101,0.0,0.0
10.325938685115064,25.212061314884938,20.920355262768997,51.07964473723101,0.0,0.0
10.348602403316397,25.267397596683605,20.920355262768997,51.07964473723101,0.0,0.0
10.37126612151773,25.32273387848227,20.920355262768997,51.07964473723101,0.0,0.0
10.393929839719062,25.378070160280938,20.920355262768997,51.07964473723101,0.0,0.0
10.416593557920399,25.43340644207961,20.920355262768997,51.07964473723101,0.0,0.0
10.439257276121733,25.48874272387828,20.920355262768997,51.07964473723101,0.0,0.0
10.461920994323064,25.54407900567694,20.920355262768997,51.07964473723101,0.0,0.0
10.484584712524397,25.59941528747561,20.920355262768997,51.07964473723101,0.0,0.0
10.50724843072573,25.654751569274275,20.920355262768997,51.07964473723101,0.0,0.0
10.529912148927064,25.710087851072945,20.920355262768997,51.07964473723101,0.0,0.0
10.552575867128395,25.76542413287161,20.920355262768997,51.07964473723101,0.0,0.0
10.575239585329728,25.820760414670275,20.920355262768997,51.07964473723101,0.0,0.0
10.597903303531062,25.87609669646894,20.920355262768997,51.07964473723101,0.0,0.0
10.620567021732395,25.931432978267612,20.920355262768997,51.07964473723101,0.0,0.0
10.643230739933728,25.986769260066275,20.920355262768997,51.07964473723101,0.0,0.0
10.665894458135059,26.042105541864938,20.920355262768997,51.07964473723101,0.0,0.0
10.688558176336393,26.09744182366361,20.920355262768997,51.07964473723101,0.0,0.0
10.71122189453773,26.152778105462282,20.920355262768997,51.07964473723101,0.0,0.0
10.73388561273906,26.208114387260945,20.920355262768997,51.07964473723101,0.0,0.0
10.756549330940395,26.263450669059615,20.920355262768997,51.07964473723101,0.0,0.0
10.779213049141728,26.31878695085828,20.920355262768997,51.07964473723101,0.0,0.0
10.80187676734306,26.37412323265695,20.920355262768997,51.07964473723101,0.0,0.0
10.824540485544393,26.429459514455612,20.920355262768997,51.07964473723101,0.0,0.0
10.847204203745726,26.484795796254282,20.920355262768997,51.07964473723101,0.0,0.0
10.869867921947058,26.540132078052945,20.920355262768997,51.07964473723101,0.0,0.0
10.892531640148393,26.595468359851616,20.920355262768997,51.07964473723101,0.0,0.0
10.915195358349724,26.65080464165028,20.920355262768997,51.07964473723101,0.0,0.0
10.937859076551058,26.70614092344895,20.920355262768997,51.07964473723101,0.0,0.0
10.96052279475239,26.761477205247612,20.920355262768997,51.07964473723101,0.0,0.0
10.983186512953724,26.81681348704628,20.920355262768997,51.07964473723101,0.0,0.0
11.005850231155057,26.872149768844945,20.920355262768997,51.07964473723101,0.0,0.0
11.028513949356391,26.92748605064362,20.920355262768997,51.07964473723101,0.0,0.0
11.051177667557724,26.982822332442282,20.920355262768997,51.07964473723101,0.0,0.0
11.073841385759058,27.038158614240952,20.920355262768997,51.07964473723101,0.0,0.0
11.09650510396039,27.093494896039616,20.920355262768997,51.07964473723101,0.0,0.0
11.119168822161724,27.148831177838286,20.920355262768997,51.07964473723101,0.0,0.0
11.141832540363055,27.20416745963695,20.920355262768997,51.07964473723101,0.0,0.0
11.16449625856439,27.259503741435616,20.920355262768997,51.07964473723101,0.0,0.0
11.187159976765722,27.314840023234282,20.920355262768997,51.07964473723101,0.0,0.0
11.209823694967055,27.37017630503295,20.920355262768997,51.07964473723101,0.0,0.0
11.232487413168387,27.425512586831616,20.920355262768997,51.07964473723101,0.0,0.0
11.25515113136972,27.480848868630282,20.920355262768997,51.07964473723101,0.0,0.0
11.277814849571053,27.53618515042895,20.920355262768997,51.07964473723101,0.0,0.0
11.300478567772387,27.591521432227616,20.920355262768997,51.07964473723101,0.0,0.0
11.32314228597372,27.646857714026286,20.920355262768997,51.07964473723101,0.0,0.0
11.345806004175055,27.702193995824953,20.920355262768997,51.07964473723101,0.0,0.0
11.368469722376387,27.75753027762362,20.920355262768997,51.07964473723101,0.0,0.0
11.39113344057772,27.812866559422286,20.920355262768997,51.07964473723101,0.0,0.0
11.413797158779053,27.868202841220953,20.920355262768997,51.07964473723101,0.0,0.0
11.436460876980385,27.92353912301962,20.920355262768997,51.07964473723101,0.0,0.0
11.459124595181718,27.978875404818286,20.920355262768997,51.07964473723101,0.0,0.0
11.481788313383053,28.034211686616953,20.920355262768997,51.07964473723101,0.0,0.0
11.504452031584384,28.089547968415616,20.920355262768997,51.07964473723101,0.0,0.0
11.527115749785718,28.144884250214286,20.920355262768997,51.07964473723101,0.0,0.0
11.54977946798705,28.20022053201295,20.920355262768997,51.07964473723101,0.0,0.0
11.572443186188384,28.25555681381162,20.920355262768997,51.07964473723101,0.0,0.0
11.595106904389716,28.310893095610282,20.920355262768997,51.07964473723101,0.0,0.0
11.61777062259105,28.366229377408956,20.920355262768997,51.07964473723101,0.0,0.0
11.640434340792385,28.421565659207626,20.920355262768997,51.07964473723101,0.0,0.0
11.663098058993718,28.47690194100629,20.920355262768997,51.07964473723101,0.0,0.0
11.685761777195049,28.532238222804953,20.920355262768997,51.07964473723101,0.0,0.0
11.708425495396384,28.587574504603623,20.920355262768997,51.07964473723101,0.0,0.0
11.731089213597716,28.642910786402293,20.920355262768997,51.07964473723101,0.0,0.0
11.753752931799049,28.698247068200956,20.920355262768997,51.07964473723101,0.0,0.0
11.77641665000038,28.75358334999962,20.920355262768997,51.07964473723101,0.0,0.0
11.799080368201714,28.80891963179829,20.920355262768997,51.07964473723101,0.0,0.0
11.821744086403049,28.86425591359696,20.920355262768997,51.07964473723101,0.0,0.0
11.84440780460438,28.919592195395623,20.920355262768997,51.07964473723101,0.0,0.0
11.867071522805713,28.974928477194286,20.920355262768997,51.07964473723101,0.0,0.0
11.889735241007047,29.030264758992956,20.920355262768997,51.07964473723101,0.0,0.0
11.912398959208382,29.08560104079163,20.920355262768997,51.07964473723101,0.0,0.0
11.935062677409714,29.140937322590293,20.920355262768997,51.07964473723101,0.0,0.0
11.957726395611049,29.196273604388963,20.920355262768997,51.07964473723101,0.0,0.0
11.98039011381238,29.251609886187627,20.920355262768997,51.07964473723101,0.0,0.0
12.003053832013714,29.306946167986297,20.920355262768997,51.07964473723101,0.0,0.0
12.025717550215045,29.36228244978496,20.920355262768997,51.07964473723101,0.0,0.0
12.04838126841638,29.417618731583627,20.920355262768997,51.07964473723101,0.0,0.0
12.071044986617713,29.472955013382293,20.920355262768997,51.07964473723101,0.0,0.0
12.093708704819045,29.52829129518096,20.920355262768997,51.07964473723101,0.0,0.0
12.116372423020378,29.583627576979627,20.920355262768997,51.07964473723101,0.0,0.0
12.13903614122171,29.638963858778293,20.920355262768997,51.07964473723101,0.0,0.0
12.161699859423043,29.69430014057696,20.920355262768997,51.07964473723101,0.0,0.0
12.184363577624378,29.749636422375627,20.920355262768997,51.07964473723101,0.0,0.0
12.207027295825709,29.80497270417429,20.920355262768997,51.07964473723101,0.0,0.0
12.229691014027045,29.860308985972967,20.920355262768997,51.07964473723101,0.0,0.0
12.252354732228376,29.91564526777163,20.920355262768997,51.07964473723101,0.0,0.0
12.27501845042971,29.970981549570297,20.920355262768997,51.07964473723101,0.0,0.0
12.297682168631043,30.026317831368964,20.920355262768997,51.07964473723101,0.0,0.0
12.320345886832376,30.08165411316763,20.920355262768997,51.07964473723101,0.0,0.0
12.343009605033709,30.136990394966297,20.920355262768997,51.07964473723101,0.0,0.0
12.365673323235043,30.192326676764964,20.920355262768997,51.07964473723101,0.0,0.0
12.388337041436374,30.247662958563627,20.920355262768997,51.07964473723101,0.0,0.0
12.411000759637709,30.302999240362297,20.920355262768997,51.07964473723101,0.0,0.0
12.43366447783904,30.35833552216096,20.920355262768997,51.07964473723101,0.0,0.0
12.456328196040374,30.41367180395963,20.920355262768997,51.07964473723101,0.0,0.0
12.478991914241705,30.469008085758293,20.920355262768997,51.07964473723101,0.0,0.0
12.50165563244304,30.524344367556964,20.920355262768997,51.07964473723101,0.0,0.0
12.524319350644374,30.579680649355634,20.920355262768997,51.07964473723101,0.0,0.0
12.546983068845709,30.6350169311543,20.920355262768997,51.07964473723101,0.0,0.0
12.56964678704704,30.690353212952964,20.920355262768997,51.07964473723101,0.0,0.0
12.592310505248374,30.745689494751634,20.920355262768997,51.07964473723101,0.0,0.0
12.614974223449705,30.801025776550297,20.920355262768997,51.07964473723101,0.0,0.0
12.63763794165104,30.856362058348967,20.920355262768997,51.07964473723101,0.0,0.0
12.66030165985237,30.91169834014763,20.920355262768997,51.07964473723101,0.0,0.0
12.682965378053705,30.9670346219463,20.920355262768997,51.07964473723101,0.0,0.0
12.705629096255038,31.022370903744964,20.920355262768997,51.07964473723101,0.0,0.0
12.72829281445637,31.077707185543634,20.920355262768997,51.07964473723101,0.0,0.0
12.750956532657703,31.133043467342297,20.920355262768997,51.07964473723101,0.0,0.0
12.773620250859038,31.188379749140967,20.920355262768997,51.07964473723101,0.0,0.0
12.796283969060369,31.24371603093963,20.920355262768997,51.07964473723101,0.0,0.0
12.818947687261705,31.299052312738304,20.920355262768997,51.07964473723101,0.0,0.0
12.84161140546304,31.354388594536974,20.920355262768997,51.07964473723101,0.0,0.0
12.86427512366437,31.409724876335638,20.920355262768997,51.07964473723101,0.0,0.0
12.886938841865703,31.4650611581343,20.920355262768997,51.07964473723101,0.0,0.0
12.909602560067036,31.52039743993297,20.920355262768997,51.07964473723101,0.0,0.0
12.93226627826837,31.57573372173164,20.920355262768997,51.07964473723101,0.0,0.0
12.954929996469703,31.631070003530304,20.920355262768997,51.07964473723101,0.0,0.0
12.977593714671034,31.686406285328967,20.920355262768997,51.07964473723101,0.0,0.0
13.000257432872369,31.741742567127638,20.920355262768997,51.07964473723101,0.0,0.0
13.022921151073701,31.797078848926304,20.920355262768997,51.07964473723101,0.0,0.0
13.045584869275034,31.85241513072497,20.920355262768997,51.07964473723101,0.0,0.0
13.068248587476365,31.907751412523634,20.920355262768997,51.07964473723101,0.0,0.0
13.0909123056777,31.9630876943223,20.920355262768997,51.07964473723101,0.0,0.0
13.113576023879036,32.01842397612098,20.920355262768997,51.07964473723101,0.0,0.0
13.136239742080367,32.07376025791964,20.920355262768997,51.07964473723101,0.0,0.0
13.158903460281701,32.12909653971831,20.920355262768997,51.07964473723101,0.0,0.0
13.181567178483034,32.18443282151697,20.920355262768997,51.07964473723101,0.0,0.0
13.204230896684367,32.239769103315645,20.920355262768997,51.07964473723101,0.0,0.0
13.2268946148857,32.295105385114304,20.920355262768997,51.07964473723101,0.0,0.0
13.249558333087034,32.35044166691298,20.920355262768997,51.07964473723101,0.0,0.0
13.272222051288365,32.40577794871164,20.920355262768997,51.07964473723101,0.0,0.0
13.2948857694897,32.46111423051031,20.920355262768997,51.07964473723101,0.0,0.0
13.31754948769103,32.51645051230897,20.920355262768997,51.07964473723101,0.0,0.0
13.340213205892365,32.571786794107645,20.920355262768997,51.07964473723101,0.0,0.0
13.362876924093696,32.627123075906304,20.920355262768997,51.07964473723101,0.0,0.0
13.38554064229503,32.68245935770497,20.920355262768997,51.07964473723101,0.0,0.0
13.408204360496365,32.737795639503645,20.920355262768997,51.07964473723101,0.0,0.0
13.4308680786977,32.79313192130231,20.920355262768997,51.07964473723101,0.0,0.0
13.45353179689903,32.84846820310098,20.920355262768997,51.07964473723101,0.0,0.0
13.476195515100365,32.903804484899645,20.920355262768997,51.07964473723101,0.0,0.0
13.498859233301696,32.95914076669831,20.920355262768997,51.07964473723101,0.0,0.0
13.52152295150303,33.01447704849698,20.920355262768997,51.07964473723101,0.0,0.0
13.544186669704361,33.069813330295645,20.920355262768997,51.07964473723101,0.0,0.0
13.566850387905696,33.12514961209431,20.920355262768997,51.07964473723101,0.0,0.0
13.589514106107028,33.18048589389298,20.920355262768997,51.07964473723101,0.0,0.0
13.612177824308361,33.235822175691645,20.920355262768997,51.07964473723101,0.0,0.0
13.634841542509694,33.29115845749031,20.920355262768997,51.07964473723101,0.0,0.0
13.657505260711028,33.34649473928898,20.920355262768997,51.07964473723101,0.0,0.0
13.68016897891236,33.40183102108764,20.920355262768997,51.07964473723101,0.0,0.0
13.702832697113694,33.45716730288631,20.920355262768997,51.07964473723101,0.0,0.0
13.725496415315027,33.51250358468498,20.920355262768997,51.07964473723101,0.0,0.0
13.748160133516361,33.567839866483645,20.920355262768997,51.07964473723101,0.0,0.0
13.770823851717694,33.62317614828231,20.920355262768997,51.07964473723101,0.0,0.0
13.793487569919026,33.67851243008098,20.920355262768997,51.07964473723101,0.0,0.0
13.81615128812036,33.733848711879645,20.920355262768997,51.07964473723101,0.0,0.0
13.838815006321692,33.78918499367831,20.920355262768997,51.07964473723101,0.0,0.0
13.861478724523025,33.84452127547698,20.920355262768997,51.07964473723101,0.0,0.0
13.88414244272436,33.899857557275645,20.920355262768997,51.07964473723101,0.0,0.0
13.90680616092569,33.95519383907431,20.920355262768997,51.07964473723101,0.0,0.0
13.929469879127025,34.01053012087298,20.920355262768997,51.07964473723101,0.0,0.0
13.952133597328356,34.065866402671645,20.920355262768997,51.07964473723101,0.0,0.0
13.97479731552969,34.12120268447031,20.920355262768997,51.07964473723101,0.0,0.0
13.997461033731023,34.17653896626898,20.920355262768997,51.07964473723101,0.0,0.0
14.020124751932357,34.23187524806765,20.920355262768997,51.07964473723101,0.0,0.0
14.042788470133692,34.28721152986632,20.920355262768997,51.07964473723101,0.0,0.0
14.065452188335025,34.342547811664986,20.920355262768997,51.07964473723101,0.0,0.0
14.088115906536355,34.397884093463645,20.920355262768997,51.07964473723101,0.0,0.0
14.11077962473769,34.45322037526232,20.920355262768997,51.07964473723101,0.0,0.0
14.133443342939024,34.508556657060986,20.920355262768997,51.07964473723101,0.0,0.0
14.156107061140355,34.56389293885965,20.920355262768997,51.07964473723101,0.0,0.0
14.178770779341688,34.61922922065831,20.920355262768997,51.07964473723101,0.0,0.0
14.201434497543021,34.674565502456986,20.920355262768997,51.07964473723101,0.0,0.0
14.224098215744355,34.72990178425565,20.920355262768997,51.07964473723101,0.0,0.0
14.246761933945686,34.78523806605432,20.920355262768997,51.07964473723101,0.0,0.0
14.269425652147019,34.84057434785298,20.920355262768997,51.07964473723101,0.0,0.0
14.292089370348354,34.89591062965165,20.920355262768997,51.07964473723101,0.0,0.0
14.314753088549688,34.951246911450326,20.920355262768997,51.07964473723101,0.0,0.0
14.33741680675102,35.006583193248986,20.920355262768997,51.07964473723101,0.0,0.0
14.360080524952355,35.06191947504766,20.920355262768997,51.07964473723101,0.0,0.0
14.382744243153686,35.11725575684632,20.920355262768997,51.07964473723101,0.0,0.0
14.40540796135502,35.17259203864499,20.920355262768997,51.07964473723101,0.0,0.0
14.428071679556352,35.22792832044365,20.920355262768997,51.07964473723101,0.0,0.0
14.450735397757686,35.28326460224232,20.920355262768997,51.07964473723101,0.0,0.0
14.473399115959019,35.338600884040986,20.920355262768997,51.07964473723101,0.0,0.0
14.496062834160352,35.39393716583965,20.920355262768997,51.07964473723101,0.0,0.0
14.518726552361684,35.44927344763832,20.920355262768997,51.07964473723101,0.0,0.0
14.541390270563017,35.504609729436986,20.920355262768997,51.07964473723101,0.0,0.0
14.56405398876435,35.55994601123565,20.920355262768997,51.07964473723101,0.0,0.0
14.586717706965684,35.61528229303432,20.920355262768997,51.07964473723101,0.0,0.0
14.609381425167017,35.67061857483299,20.920355262768997,51.07964473723101,0.0,0.0
14.632045143368352,35.72595485663166,20.920355262768997,51.07964473723101,0.0,0.0
14.654708861569684,35.781291138430326,20.920355262768997,51.07964473723101,0.0,0.0
14.677372579771017,35.83662742022899,20.920355262768997,51.07964473723101,0.0,0.0
14.70003629797235,35.89196370202766,20.920355262768997,51.07964473723101,0.0,0.0
14.722700016173683,35.947299983826326,20.920355262768997,51.07964473723101,0.0,0.0
14.745363734375015,36.00263626562499,20.920355262768997,51.07964473723101,0.0,0.0
14.76802745257635,36.05797254742366,20.920355262768997,51.07964473723101,0.0,0.0
14.79069117077768,36.11330882922232,20.920355262768997,51.07964473723101,0.0,0.0
14.813354888979015,36.16864511102099,20.920355262768997,51.07964473723101,0.0,0.0
14.83598955113136,36.22391044886861,20.850620745226447,50.909379254773604,-83.68142105107599,-204.31857894892403
14.858528618882596,36.27894238111741,20.75996587242111,50.68803412757892,-83.68142105107599,-204.31857894892403
14.880969477188277,36.3337345228117,20.66931099961578,50.46668900038427,-83.68142105107599,-204.31857894892403
14.903312126048435,36.388286873951586,20.57865612681044,50.245343873189576,-83.68142105107599,-204.31857894892403
14.925556565463038,36.44259943453696,20.488001254005113,50.023998745994916,-83.68142105107599,-204.31857894892403
14.947702795432102,36.49667220456788,20.397346381199775,49.80265361880024,-83.68142105107599,-204.31857894892403
14.969750815955626,36.55050518404433,20.306691508394447,49.58130849160558,-83.68142105107599,-204.31857894892403
14.991700627033628,36.60409837296637,20.216036635589113,49.35996336441091,-83.68142105107599,-204.31857894892403
15.013552228666075,36.6574517713339,20.125381762783785,49.13861823721626,-83.68142105107599,-204.31857894892403
15.035305620853,36.71056537914702,20.03472688997845,48.917273110021576,-83.68142105107599,-204.31857894892403
15.05696080359437,36.763439196405635,19.94407201717312,48.69592798282692,-83.68142105107599,-204.31857894892403
15.0785177768902,36.81607322310979,19.853417144367786,48.47458285563224,-83.68142105107599,-204.31857894892403
15.099976540740508,36.86846745925953,19.76276227156246,48.25323772843759,-83.68142105107599,-204.31857894892403
15.121337095145243,36.92062190485472,19.672107398757124,48.031892601242916,-83.68142105107599,-204.31857894892403
15.142599440104474,36.97253655989553,19.581452525951796,47.810547474048256,-83.68142105107599,-204.31857894892403
15.163763575618132,37.024211424381804,19.49079765314646,47.58920234685358,-83.68142105107599,-204.31857894892403
15.184829501686284,37.0756464983137,19.40014278034113,47.36785721965892,-83.68142105107599,-204.31857894892403
15.20579721830888,37.12684178169109,19.30948790753579,47.14651209246423,-83.68142105107599,-204.31857894892403
15.226666725485956,37.17779727451406,19.21883303473045,46.925166965269554,-83.68142105107599,-204.31857894892403
15.247438023217457,37.2285129767825,19.128178161925124,46.703821838074894,-83.68142105107599,-204.31857894892403
15.268111111503455,37.27898888849655,19.037523289119797,46.48247671088024,-83.68142105107599,-204.31857894892403
15.288685990343895,37.3292250096561,18.946868416314462,46.26113158368557,-83.68142105107599,-204.31857894892403
15.309162659738798,37.37922134026119,18.856213543509124,46.03978645649089,-83.68142105107599,-204.31857894892403
15.32954111968816,37.42897788031182,18.765558670703797,45.818441329296235,-83.68142105107599,-204.31857894892403
15.349821370191986,37.47849462980799,18.67490379789847,45.597096202101575,-83.68142105107599,-204.31857894892403
15.370003411250288,37.52777158874974,18.584248925093135,45.3757510749069,-83.68142105107599,-204.31857894892403
15.390087242863018,37.576808757136945,18.4935940522878,45.15440594771223,-83.68142105107599,-204.31857894892403
15.410072865030243,37.62560613496977,18.402939179482473,44.93306082051757,-83.68142105107599,-204.31857894892403
15.429960277751894,37.67416372224806,18.312284306677146,44.711715693322915,-83.68142105107599,-204.31857894892403
15.449749481028041,37.72248151897197,18.221629433871808,44.490370566128234,-83.68142105107599,-204.31857894892403
15.469440474858633,37.77055952514138,18.130974561066466,44.26902543893354,-83.68142105107599,-204.31857894892403
15.489033259243685,37.818397740756325,18.040319688261135,44.04768031173889,-83.68142105107599,-204.31857894892403
15.508527834183198,37.86599616581681,17.9496648154558,43.826335184544206,-83.68142105107599,-204.31857894892403
15.527924199677171,37.913354800322836,17.859009942650474,43.60499005734955,-83.68142105107599,-204.31857894892403
15.547222355725607,37.9604736442744,17.76835506984514,43.38364493015488,-83.68142105107599,-204.31857894892403
15.566422302328505,38.00735269767151,17.67770019703981,43.16229980296022,-83.68142105107599,-204.31857894892403
15.585524039485845,38.05399196051411,17.587045324234474,42.940954675765546,-83.68142105107599,-204.31857894892403
15.60452756719768,38.10039143280234,17.496390451429146,42.71960954857089,-83.68142105107599,-204.31857894892403
15.623432885463961,38.14655111453606,17.405735578623812,42.49826442137621,-83.68142105107599,-204.31857894892403
15.6422399942847,38.192471005715326,17.315080705818485,42.27691929418156,-83.68142105107599,-204.31857894892403
15.660948893659887,38.23815110634009,17.22442583301315,42.05557416698688,-83.68142105107599,-204.31857894892403
15.679559583589551,38.28359141641043,17.13377096020782,41.83422903979223,-83.68142105107599,-204.31857894892403
15.698072064073674,38.32879193592631,17.043116087402485,41.612883912597546,-83.68142105107599,-204.31857894892403
15.71648633511226,38.37375266488774,16.95246121459715,41.39153878540287,-83.68142105107599,-204.31857894892403
15.734802396705307,38.4184736032947,16.861806341791812,41.1701936582082,-83.68142105107599,-204.31857894892403
15.753020248852813,38.4629547511472,16.771151468986485,40.94884853101354,-83.68142105107599,-204.31857894892403
15.771139891554782,38.50719610844524,16.68049659618115,40.727503403818865,-83.68142105107599,-204.31857894892403
15.789161324811197,38.55119767518878,16.589841723375823,40.50615827662421,-83.68142105107599,-204.31857894892403
15.807084548622086,38.5949594513779,16.49918685057049,40.28481314942953,-83.68142105107599,-204.31857894892403
15.824909562987438,38.638481437012565,16.40853197776516,40.06346802223488,-83.68142105107599,-204.31857894892403
15.842636367907252,38.68176363209276,16.317877104959823,39.8421228950402,-83.68142105107599,-204.31857894892403
15.860264963381509,38.72480603661846,16.22722223215449,39.620777767845524,-83.68142105107599,-204.31857894892403
15.877795349410246,38.76760865058974,16.13656735934917,39.399432640650886,-83.68142105107599,-204.31857894892403
15.895227525993457,38.8101714740066,16.045912486543834,39.17808751345621,-83.68142105107599,-204.31857894892403
15.912561493131083,38.85249450686888,15.955257613738498,38.95674238626154,-83.68142105107599,-204.31857894892403
15.929797250823201,38.894577749176776,15.864602740933162,38.73539725906686,-83.68142105107599,-204.31857894892403
15.94693479906978,38.93642120093021,15.773947868127825,38.514052131872184,-83.68142105107599,-204.31857894892403
15.963974137870805,38.978024862129146,15.68329299532249,38.29270700467751,-83.68142105107599,-204.31857894892403
15.980915267226322,39.019388732773706,15.59263812251717,38.07136187748287,-83.68142105107599,-204.31857894892403
15.997758187136286,39.06051281286376,15.501983249711834,37.8500167502882,-83.68142105107599,-204.31857894892403
16.014502897600693,39.10139710239932,15.4113283769065,37.628671623093524,-83.68142105107599,-204.31857894892403
16.03114939861958,39.142041601380456,15.320673504101164,37.40732649589884,-83.68142105107599,-204.31857894892403
16.04769769019291,39.18244630980709,15.230018631295845,37.18598136870421,-83.68142105107599,-204.31857894892403
16.064147772320716,39.2226112276793,15.139363758490509,36.96463624150953,-83.68142105107599,-204.31857894892403
16.080499645002966,39.26253635499702,15.048708885685173,36.74329111431486,-83.68142105107599,-204.31857894892403
16.0967533082397,39.30222169176031,14.958054012879836,36.52194598712018,-83.68142105107599,-204.31857894892403
16.112908762030887,39.34166723796914,14.867399140074518,36.300600859925545,-83.68142105107599,-204.31857894892403
16.128966006376523,39.38087299362348,14.776744267269182,36.07925573273087,-83.68142105107599,-204.31857894892403
16.144925041276636,39.41983895872339,14.686089394463847,35.85791060553619,-83.68142105107599,-204.31857894892403
16.160785866731192,39.4585651332688,14.595434521658511,35.63656547834152,-83.68142105107599,-204.31857894892403
16.176548482740213,39.497051517259756,14.504779648853175,35.41522035114684,-83.68142105107599,-204.31857894892403
16.192212889303708,39.53529811069629,14.414124776047839,35.19387522395216,-83.68142105107599,-204.31857894892403
16.207779086421663,39.573304913578355,14.323469903242504,34.97253009675749,-83.68142105107599,-204.31857894892403
16.223247074094065,39.611071925905925,14.232815030437184,34.75118496956285,-83.68142105107599,-204.31857894892403
16.238616852320945,39.64859914767908,14.142160157631848,34.529839842368176,-83.68142105107599,-204.31857894892403
16.25388842110227,39.68588657889773,14.051505284826513,34.3084947151735,-83.68142105107599,-204.31857894892403
16.269061780438072,39.72293421956196,13.960850412021193,34.087149587978864,-83.68142105107599,-204.31857894892403
16.28413693032832,39.75974206967169,13.870195539215858,33.86580446078419,-83.68142105107599,-204.31857894892403
16.29911387077304,39.796310129226995,13.779540666410522,33.644459333589516,-83.68142105107599,-204.31857894892403
16.313992601772192,39.832638398227765,13.688885793605186,33.423114206394835,-83.68142105107599,-204.31857894892403
16.32877312332584,39.86872687667415,13.59823092079985,33.20176907920016,-83.68142105107599,-204.31857894892403
16.343455435433945,39.90457556456608,13.507576047994531,32.98042395200552,-83.68142105107599,-204.31857894892403
16.3580395380965,39.940184461903506,13.416921175189195,32.75907882481085,-83.68142105107599,-204.31857894892403
16.372525431313512,39.97555356868647,13.32626630238386,32.537733697616176,-83.68142105107599,-204.31857894892403
16.386913115085,40.01068288491502,13.235611429578524,32.316388570421495,-83.68142105107599,-204.31857894892403
16.40120258941092,40.045572410589024,13.144956556773188,32.09504344322682,-83.68142105107599,-204.31857894892403
16.41539385429133,40.08022214570865,13.054301683967852,31.873698316032144,-83.68142105107599,-204.31857894892403
16.429486909726208,40.114632090273815,12.963646811162533,31.65235318883751,-83.68142105107599,-204.31857894892403
16.443481755715524,40.14880224428448,12.872991938357197,31.43100806164283,-83.68142105107599,-204.31857894892403
16.457378392259304,40.18273260774069,12.782337065551863,31.209662934448158,-83.68142105107599,-204.31857894892403
16.471176819357545,40.21642318064243,12.691682192746526,30.98831780725348,-83.68142105107599,-204.31857894892403
16.484877037010264,40.24987396298975,12.601027319941206,30.766972680058846,-83.68142105107599,-204.31857894892403
16.498479045217408,40.28308495478254,12.510372447135872,30.54562755286417,-83.68142105107599,-204.31857894892403
16.511982843979048,40.31605615602094,12.419717574330535,30.324282425669495,-83.68142105107599,-204.31857894892403
16.52538843329515,40.348787566704885,12.3290627015252,30.102937298474817,-83.68142105107599,-204.31857894892403
16.53869581316568,40.381279186834284,12.23840782871988,29.881592171280182,-83.68142105107599,-204.31857894892403
16.55190498359069,40.413531016409266,12.147752955914529,29.660247044085466,-83.68142105107599,-204.31857894892403
16.56501594457017,40.44554305542983,12.057098083109208,29.438901916890828,-83.68142105107599,-204.31857894892403
16.578028696104102,40.47731530389589,11.966443210303874,29.217556789696154,-83.68142105107599,-204.31857894892403
16.59094323819249,40.50884776180749,11.875788337498538,28.996211662501477,-83.68142105107599,-204.31857894892403
16.603759570835358,40.54014042916467,11.785133464693201,28.7748665353068,-83.68142105107599,-204.31857894892403
16.616477694032657,40.57119330596731,11.694478591887883,28.553521408112164,-83.68142105107599,-204.31857894892403
16.629097607784445,40.60200639221557,11.603823719082547,28.33217628091749,-83.68142105107599,-204.31857894892403
16.641619312090665,40.63257968790929,11.51316884627721,28.110831153722813,-83.68142105107599,-204.31857894892403
16.654042806951377,40.66291319304863,11.422513973471876,27.889486026528136,-83.68142105107599,-204.31857894892403
16.666368092366532,40.69300690763347,11.331859100666556,27.6681408993335,-83.68142105107599,-204.31857894892403
16.67859516833615,40.722860831663844,11.24120422786122,27.446795772138824,-83.68142105107599,-204.31857894892403
16.690724034860214,40.752474965139726,11.150549355055885,27.22545064494415,-83.68142105107599,-204.31857894892403
16.70275469193877,40.78184930806122,11.059894482250549,27.004105517749473,-83.68142105107599,-204.31857894892403
16.714687139571772,40.810983860428216,10.969239609445212,26.782760390554795,-83.68142105107599,-204.31857894892403
16.726521377759234,40.839878622240754,10.878584736639876,26.56141526336012,-83.68142105107599,-204.31857894892403
16.73825740650116,40.86853359349883,10.787929863834558,26.340070136165483,-83.68142105107599,-204.31857894892403
16.74989522579754,40.89694877420244,10.697274991029222,26.11872500897081,-83.68142105107599,-204.31857894892403
16.761434835648387,40.9251241643516,10.606620118223887,25.897379881776132,-83.68142105107599,-204.31857894892403
16.772876236053694,40.95305976394629,10.51596524541855,25.67603475458146,-83.68142105107599,-204.31857894892403
16.78421942701348,40.98075557298657,10.42531037261323,25.45468962738682,-83.68142105107599,-204.31857894892403
16.795464408527693,41.0082115914723,10.334655499807896,25.233344500192146,-83.68142105107599,-204.31857894892403
16.8066111805964,41.03542781940366,10.24400062700256,25.01199937299747,-83.68142105107599,-204.31857894892403
16.817659743219533,41.06240425678047,10.153345754197224,24.79065424580279,-83.68142105107599,-204.31857894892403
16.828610096397146,41.08914090360287,10.062690881391905,24.569309118608157,-83.68142105107599,-204.31857894892403
16.83946224012922,41.1156377598708,9.972036008586569,24.34796399141348,-83.68142105107599,-204.31857894892403
16.85021617441574,41.14189482558423,9.881381135781233,24.126618864218806,-83.68142105107599,-204.31857894892403
16.860871899256733,41.167912100743244,9.790726262975898,23.905273737024128,-83.68142105107599,-204.31857894892403
16.871429414652205,41.19368958534783,9.700071390170562,23.683928609829454,-83.68142105107599,-204.31857894892403
16.881888720602106,41.219227279397884,9.609416517365226,23.462583482634777,-83.68142105107599,-204.31857894892403
16.892249817106503,41.244525182893554,9.518761644559907,23.241238355440142,-83.68142105107599,-204.31857894892403
16.902512704165325,41.269583295834686,9.428106771754571,23.019893228245465,-83.68142105107599,-204.31857894892403
16.91267738177861,41.29440161822136,9.337451898949235,22.798548101050788,-83.68142105107599,-204.31857894892403
16.92274384994639,41.31898015005365,9.2467970261439,22.577202973856114,-83.68142105107599,-204.31857894892403
16.932712108668596,41.34331889133139,9.156142153338564,22.355857846661436,-83.68142105107599,-204.31857894892403
16.94258215794528,41.36741784205472,9.065487280533244,22.1345127194668,-83.68142105107599,-204.31857894892403
16.952353997776427,41.39127700222359,8.97483240772791,21.913167592272124,-83.68142105107599,-204.31857894892403
16.962027628162033,41.414896371838,8.884177534922573,21.691822465077447,-83.68142105107599,-204.31857894892403
16.971603049102082,41.4382759508979,8.793522662117255,21.470477337882812,-83.68142105107599,-204.31857894892403
16.981080260596613,41.46141573940339,8.702867789311918,21.24913221068814,-83.68142105107599,-204.31857894892403
16.990459262645587,41.48431573735438,8.612212916506582,21.02778708349346,-83.68142105107599,-204.31857894892403
16.999740055249053,41.506975944750984,8.521558043701246,20.806441956298784,-83.68142105107599,-204.31857894892403
17.00892263840695,41.52939636159305,8.430903170895911,20.58509682910411,-83.68142105107599,-204.31857894892403
17.018007012119323,41.5515769878807,8.340248298090575,20.363751701909433,-83.68142105107599,-204.31857894892403
17.02699317638614,41.57351782361384,8.249593425285239,20.142406574714755,-83.68142105107599,-204.31857894892403
17.035881131207436,41.59521886879257,8.15893855247992,19.92106144752012,-83.68142105107599,-204.31857894892403
17.044670876583176,41.61668012341679,8.068283679674584,19.699716320325443,-83.68142105107599,-204.31857894892403
17.053362412513394,41.637901587486596,7.977628806869249,19.47837119313077,-83.68142105107599,-204.31857894892403
17.061955738998073,41.65888326100194,7.886973934063913,19.257026065936092,-83.68142105107599,-204.31857894892403
17.070450856037194,41.67962514396278,7.796319061258593,19.035680938741457,-83.68142105107599,-204.31857894892403
17.07884776363081,41.70012723636925,7.705664188453258,18.81433581154678,-83.68142105107599,-204.31857894892403
17.08714646177884,41.72038953822113,7.615009315647923,18.592990684352106,-83.68142105107599,-204.31857894892403
17.095346950481364,41.74041204951863,7.524354442842586,18.37164555715743,-83.68142105107599,-204.31857894892403
17.10344922973833,41.760194770261634,7.433699570037267,18.150300429962794,-83.68142105107599,-204.31857894892403
17.111453299549776,41.77973770045021,7.343044697231915,17.928955302768077,-83.68142105107599,-204.31857894892403
17.119359159915668,41.799040840084295,7.252389824426595,17.70761017557344,-83.68142105107599,-204.31857894892403
17.12716681083605,41.818104189163996,7.16173495162126,17.486265048378765,-83.68142105107599,-204.31857894892403
17.134876252310864,41.83692774768916,7.071080078815924,17.264919921184088,-83.68142105107599,-204.31857894892403
17.142487484340137,41.855511515659856,6.9804252060105885,17.04357479398941,-83.68142105107599,-204.31857894892403
17.15000050692387,41.8738554930761,6.889770333205269,16.822229666794776,-83.68142105107599,-204.31857894892403
17.157415320062082,41.89195967993791,6.799115460399934,16.600884539600102,-83.68142105107599,-204.31857894892403
17.164731923754754,41.90982407624527,6.7084605875945975,16.379539412405425,-83.68142105107599,-204.31857894892403
17.171950318001873,41.92744868199813,6.617805714789262,16.158194285210747,-83.68142105107599,-204.31857894892403
17.17907050280347,41.94483349719657,6.527150841983943,15.936849158016113,-83.68142105107599,-204.31857894892403
17.18609247815949,41.961978521840464,6.4364959691786074,15.715504030821437,-83.68142105107599,-204.31857894892403
17.19301624407001,41.978883755929985,6.345841096373271,15.49415890362676,-83.68142105107599,-204.31857894892403
17.19984180053497,41.995549199465,6.255186223567936,15.272813776432084,-83.68142105107599,-204.31857894892403
17.20656914755441,42.0119748524456,6.1645313507626165,15.05146864923745,-83.68142105107599,-204.31857894892403
17.213198285128293,42.028160714871696,6.07387647795728,14.830123522042772,-83.68142105107599,-204.31857894892403
17.219729213256656,42.04410678674337,5.983221605151945,14.608778394848096,-83.68142105107599,-204.31857894892403
17.226161931939462,42.05981306806054,5.892566732346609,14.387433267653421,-83.68142105107599,-204.31857894892403
17.23249644117673,42.07527955882326,5.80191185954129,14.166088140458784,-83.68142105107599,-204.31857894892403
17.238732740968473,42.09050625903156,5.711256986735954,13.944743013264109,-83.68142105107599,-204.31857894892403
17.244870831314646,42.10549316868531,5.620602113930619,13.723397886069433,-83.68142105107599,-204.31857894892403
17.250910712215315,42.12024028778468,5.529947241125266,13.502052758874717,-83.68142105107599,-204.31857894892403
17.25685238367044,42.1347476163296,5.43929236831993,13.28070763168004,-83.68142105107599,-204.31857894892403
17.26269584568,42.14901515431997,5.348637495514611,13.059362504485405,-83.68142105107599,-204.31857894892403
17.26844109824405,42.163042901755965,5.257982622709275,12.83801737729073,-83.68142105107599,-204.31857894892403
17.27408814136253,42.176830858637416,5.167327749903939,12.616672250096052,-83.68142105107599,-204.31857894892403
17.2796369750355,42.190379024964486,5.076672877098621,12.395327122901417,-83.68142105107599,-204.31857894892403
17.28508759926292,42.20368740073706,4.9860180042932845,12.17398199570674,-83.68142105107599,-204.31857894892403
17.290440014044798,42.21675598595517,4.895363131487949,11.952636868512064,-83.68142105107599,-204.31857894892403
17.295694219381154,42.22958478061886,4.804708258682613,11.731291741317388,-83.68142105107599,-204.31857894892403
17.300850215271936,42.24217378472801,4.7140533858772775,11.509946614122713,-83.68142105107599,-204.31857894892403
17.30590800171723,42.254522998282816,4.623398513071958,11.288601486928076,-83.68142105107599,-204.31857894892403
17.310867578716937,42.26663242128305,4.532743640266622,11.0672563597334,-83.68142105107599,-204.31857894892403
17.31572894627114,42.2785020537289,4.442088767461287,10.845911232538723,-83.68142105107599,-204.31857894892403
17.320492104379785,42.29013189562025,4.351433894655967,10.624566105344089,-83.68142105107599,-204.31857894892403
17.32515705304289,42.30152194695714,4.260779021850632,10.403220978149413,-83.68142105107599,-204.31857894892403
17.329723792260456,42.31267220773956,4.170124149045296,10.181875850954736,-83.68142105107599,-204.31857894892403
17.334192322032486,42.32358267796753,4.07946927623996,9.96053072376006,-83.68142105107599,-204.31857894892403
17.338562642358976,42.33425335764104,3.9888144034346245,9.739185596565385,-83.68142105107599,-204.31857894892403
17.342834753239924,42.34468424676008,3.898159530629305,9.517840469370748,-83.68142105107599,-204.31857894892403
17.347008654675335,42.35487534532467,3.8075046578239693,9.296495342176073,-83.68142105107599,-204.31857894892403
17.35108434666521,42.364826653334795,3.7168497850186335,9.075150214981397,-83.68142105107599,-204.31857894892403
17.35506182920956,42.3745381707905,3.6261949122133146,8.85380508778676,-83.68142105107599,-204.31857894892403
17.35894110230834,42.38400989769167,3.535540039407979,8.632459960592085,-83.68142105107599,-204.31857894892403
17.362722165961593,42.39324183403841,3.444885166602643,8.41111483339741,-83.68142105107599,-204.31857894892403
17.36640502016931,42.4022339798307,3.354230293797307,8.189769706202732,-83.68142105107599,-204.31857894892403
17.369989664931474,42.41098633506848,3.2635754209919714,7.968424579008056,-83.68142105107599,-204.31857894892403
17.37347610024813,42.419498899751886,3.1729205481866356,7.74707945181338,-83.68142105107599,-204.31857894892403
17.376864326119247,42.42777167388083,3.0822656753813,7.525734324618704,-83.68142105107599,-204.31857894892403
17.38015434254479,42.43580465745523,2.991610802575964,7.304389197424028,-83.68142105107599,-204.31857894892403
17.38334614952481,42.443597850475214,2.900955929770628,7.083044070229352,-83.68142105107599,-204.31857894892403
17.386439747059296,42.45115125294073,2.8103010569653093,6.861698943034717,-83.68142105107599,-204.31857894892403
17.389435135148226,42.458464864851756,2.7196461841599735,6.64035381584004,-83.68142105107599,-204.31857894892403
17.39233231379163,42.465538686208355,2.6289913113546377,6.419008688645365,-83.68142105107599,-204.31857894892403
17.395131282989496,42.4723727170105,2.538336438549302,6.197663561450688,-83.68142105107599,-204.31857894892403
17.397832042741808,42.47896695725814,2.4476815657439825,5.9763184342560525,-83.68142105107599,-204.31857894892403
17.400434593048615,42.4853214069514,2.3570266929386468,5.754973307061376,-83.68142105107599,-204.31857894892403
17.402938933909866,42.49143606609016,2.266371820133311,5.5336281798667,-83.68142105107599,-204.31857894892403
17.40534506532556,42.49731093467442,2.1757169473279756,5.312283052672024,-83.68142105107599,-204.31857894892403
17.407652987295748,42.5029460127043,2.0850620745226562,5.090937925477388,-83.68142105107599,-204.31857894892403
17.409862699820366,42.50834130017964,1.9944072017173204,4.869592798282713,-83.68142105107599,-204.31857894892403
17.41197420289946,42.51349679710056,1.9037523289119846,4.648247671088036,-83.68142105107599,-204.31857894892403
17.413987496533,42.518412503466976,1.8130974561066489,4.42690254389336,-83.68142105107599,-204.31857894892403
17.415902580721017,42.52308841927897,1.7224425833013297,4.205557416698724,-83.68142105107599,-204.31857894892403
17.417719455463512,42.52752454453655,1.631787710495994,3.984212289504048,-83.68142105107599,-204.31857894892403
17.419438120760432,42.531720879239586,1.5411328376906581,3.762867162309372,-83.68142105107599,-204.31857894892403
17.421058576611816,42.53567742338816,1.4504779648853225,3.541522035114696,-83.68142105107599,-204.31857894892403
17.42258082301768,42.53939417698232,1.3598230920800032,3.3201769079200605,-83.68142105107599,-204.31857894892403
17.424004859978,42.542871140022015,1.2691682192746674,3.0988317807253845,-83.68142105107599,-204.31857894892403
17.425330687492767,42.54610831250721,1.1785133464693318,2.8774866535307084,-83.68142105107599,-204.31857894892403
17.42655830556201,42.54910569443798,1.087858473663996,2.6561415263360324,-83.68142105107599,-204.31857894892403
17.42768771418572,42.5518632858143,0.9972036008586768,2.4347963991413963,-83.68142105107599,-204.31857894892403
17.42871891336387,42.55438108663611,0.906548728053341,2.2134512719467203,-83.68142105107599,-204.31857894892403
17.429651903096513,42.556659096903545,0.8158938552479887,1.992106144752004,-83.68142105107599,-204.31857894892403
17.430486683383567,42.558697316616396,0.725238982442653,1.7707610175573278,-83.68142105107599,-204.31857894892403
17.431223254225117,42.56049574577487,0.6345841096373337,1.5494158903626922,-83.68142105107599,-204.31857894892403
17.431861615621145,42.562054384378925,0.543929236831998,1.3280707631680162,-83.68142105107599,-204.31857894892403
17.4324017675716,42.56337323242843,0.4532743640266622,1.10672563597334,-83.68142105107599,-204.31857894892403
17.43284371007652,42.56445228992349,0.3626194912213265,0.8853805087786639,-83.68142105107599,-204.31857894892403
17.433187443135896,42.565291556864075,0.27196461841599073,0.6640353815839879,-83.68142105107599,-204.31857894892403
17.43343296674977,42.56589103325029,0.1813097456106715,0.44269025438935217,-83.68142105107599,-204.31857894892403
17.43358028091805,42.56625071908192,0.09065487280533575,0.22134512719467608,-83.68142105107599,-204.31857894892403
