0.0,0.0,4.0
1.8E-5,0.012,4.0
7.2E-5,0.024,4.0
1.6200000000000003E-4,0.036000000000000004,4.0
2.88E-4,0.048,4.0
4.500000000000001E-4,0.060000000000000005,4.0
6.480000000000001E-4,0.07200000000000001,4.0
8.820000000000001E-4,0.084,4.0
0.001152,0.096,4.0
0.0014580000000000003,0.10800000000000001,4.0
0.0018000000000000004,0.12000000000000001,4.0
0.0021780000000000002,0.132,4.0
0.0025920000000000006,0.14400000000000002,4.0
0.003042,0.156,4.0
0.0035280000000000003,0.168,4.0
0.004050000000000001,0.18000000000000002,4.0
0.004608,0.192,4.0
0.005202000000000001,0.20400000000000001,4.0
0.005832000000000001,0.21600000000000003,4.0
0.006498,0.228,4.0
0.0072000000000000015,0.24000000000000002,4.0
0.007938,0.252,4.0
0.008712000000000001,0.264,4.0
0.009522000000000001,0.276,4.0
0.010368000000000002,0.28800000000000003,4.0
0.011250000000000003,0.30000000000000004,4.0
0.012168,0.312,4.0
0.013122,0.324,4.0
0.014112000000000001,0.336,4.0
0.015138000000000002,0.34800000000000003,4.0
0.016200000000000003,0.36000000000000004,4.0
0.017298,0.372,4.0
0.018432,0.384,4.0
0.019602,0.396,4.0
0.020808000000000004,0.40800000000000003,4.0
0.022050000000000004,0.42000000000000004,4.0
0.023328000000000005,0.43200000000000005,4.0
0.024642,0.444,4.0
0.025992,0.456,4.0
0.027378000000000003,0.468,4.0
0.028800000000000006,0.48000000000000004,4.0
0.030258000000000007,0.49200000000000005,4.0
0.031752,0.504,4.0
0.033282,0.516,4.0
0.034848000000000004,0.528,4.0
0.03645,0.54,4.0
0.038088000000000004,0.552,4.0
0.039762000000000006,0.5640000000000001,4.0
0.04147200000000001,0.5760000000000001,4.0
0.04321800000000001,0.5880000000000001,4.0
0.04500000000000001,0.6000000000000001,4.0
0.046818,0.612,4.0
0.048672,0.624,4.0
0.050562,0.636,4.0
0.052488,0.648,4.0
0.054450000000000005,0.66,4.0
0.056448000000000005,0.672,4.0
0.058482000000000006,0.684,4.0
0.06055200000000001,0.6960000000000001,4.0
0.06265800000000002,0.7080000000000001,4.0
0.06480000000000001,0.7200000000000001,4.0
0.06697800000000002,0.7320000000000001,4.0
0.069192,0.744,4.0
0.071442,0.756,4.0
0.073728,0.768,4.0
0.07605,0.78,4.0
0.078408,0.792,4.0
0.08080200000000001,0.804,4.0
0.08323200000000001,0.8160000000000001,4.0
0.08569800000000001,0.8280000000000001,4.0
0.08820000000000001,0.8400000000000001,4.0
0.09073800000000001,0.8520000000000001,4.0
0.09331200000000002,0.8640000000000001,4.0
0.095922,0.876,4.0
0.098568,0.888,4.0
0.10125,0.9,4.0
0.103968,0.912,4.0
0.10672200000000001,0.924,4.0
0.10951200000000001,0.936,4.0
0.11233800000000002,0.9480000000000001,4.0
0.11520000000000002,0.9600000000000001,4.0
0.11809800000000002,0.9720000000000001,4.0
0.12103200000000003,0.9840000000000001,4.0
0.12400200000000003,0.9960000000000001,4.0
0.127008,1.008,4.0
0.13005,1.02,4.0
0.133128,1.032,4.0
0.136242,1.044,4.0
0.13939200000000002,1.056,4.0
0.142578,1.068,4.0
0.1458,1.08,4.0
0.14905800000000002,1.092,4.0
0.15235200000000002,1.104,4.0
0.15568200000000004,1.116,4.0
0.15904800000000002,1.1280000000000001,4.0
0.16245000000000004,1.1400000000000001,4.0
0.16588800000000004,1.1520000000000001,4.0
0.16936200000000004,1.1640000000000001,4.0
0.17287200000000005,1.1760000000000002,4.0
0.17641800000000005,1.1880000000000002,4.0
0.18000000000000005,1.2000000000000002,4.0
0.183618,1.212,4.0
0.187272,1.224,4.0
0.190962,1.236,4.0
0.194688,1.248,4.0
0.19845000000000002,1.26,4.0
0.202248,1.272,4.0
0.20608200000000002,1.284,4.0
0.209952,1.296,4.0
0.21385800000000002,1.308,4.0
0.21780000000000002,1.32,4.0
0.22177800000000003,1.332,4.0
0.22579200000000002,1.344,4.0
0.22984200000000002,1.356,4.0
0.23392800000000002,1.368,4.0
0.23805000000000004,1.3800000000000001,4.0
0.24220800000000003,1.3920000000000001,4.0
0.24640200000000004,1.4040000000000001,4.0
0.2506320000000001,1.4160000000000001,4.0
0.25489800000000007,1.4280000000000002,4.0
0.25920000000000004,1.4400000000000002,4.0
0.26353800000000005,1.4520000000000002,4.0
0.2679120000000001,1.4640000000000002,4.0
0.272322,1.476,4.0
0.276768,1.488,4.0
0.28125,1.5,4.0
0.285768,1.512,4.0
0.290322,1.524,4.0
0.294912,1.536,4.0
0.299538,1.548,4.0
0.3042,1.56,4.0
0.308898,1.572,4.0
0.313632,1.584,4.0
0.318402,1.596,4.0
0.32320800000000005,1.608,4.0
0.32805000000000006,1.62,4.0
0.33292800000000006,1.6320000000000001,4.0
0.33784200000000003,1.6440000000000001,4.0
0.34279200000000004,1.6560000000000001,4.0
0.3477780000000001,1.6680000000000001,4.0
0.35280000000000006,1.6800000000000002,4.0
0.35785800000000006,1.6920000000000002,4.0
0.36295200000000005,1.7040000000000002,4.0
0.3680820000000001,1.7160000000000002,4.0
0.3732480000000001,1.7280000000000002,4.0
0.37845,1.74,4.0
0.383688,1.752,4.0
0.38896200000000003,1.764,4.0
0.394272,1.776,4.0
0.39961800000000003,1.788,4.0
0.405,1.8,4.0
0.410418,1.812,4.0
0.415872,1.824,4.0
0.421362,1.836,4.0
0.42688800000000005,1.848,4.0
0.43245000000000006,1.86,4.0
0.43804800000000005,1.872,4.0
0.4436820000000001,1.8840000000000001,4.0
0.4493520000000001,1.8960000000000001,4.0
0.4550580000000001,1.9080000000000001,4.0
0.4608000000000001,1.9200000000000002,4.0
0.4665780000000001,1.9320000000000002,4.0
0.4723920000000001,1.9440000000000002,4.0
0.4782420000000001,1.9560000000000002,4.0
0.4841280000000001,1.9680000000000002,4.0
0.4900500000000001,1.9800000000000002,4.0
0.4960080000000001,1.9920000000000002,4.0
0.502,2.0,0.0
0.508,2.0,0.0
0.514,2.0,0.0
0.52,2.0,0.0
0.526,2.0,0.0
0.532,2.0,0.0
0.538,2.0,0.0
0.544,2.0,0.0
0.55,2.0,0.0
0.556,2.0,0.0
0.562,2.0,0.0
0.5680000000000001,2.0,0.0
0.5740000000000001,2.0,0.0
0.5800000000000001,2.0,0.0
0.5860000000000001,2.0,0.0
0.5920000000000001,2.0,0.0
0.5980000000000001,2.0,0.0
0.6040000000000001,2.0,0.0
0.6100000000000001,2.0,0.0
0.6160000000000001,2.0,0.0
0.6220000000000001,2.0,0.0
0.6280000000000001,2.0,0.0
0.6340000000000001,2.0,0.0
0.6400000000000001,2.0,0.0
0.6460000000000001,2.0,0.0
0.6520000000000001,2.0,0.0
0.6580000000000001,2.0,0.0
0.6640000000000001,2.0,0.0
0.6700000000000002,2.0,0.0
0.6760000000000002,2.0,0.0
0.6820000000000002,2.0,0.0
0.6880000000000002,2.0,0.0
0.6940000000000002,2.0,0.0
0.7000000000000002,2.0,0.0
0.706,2.0,0.0
0.712,2.0,0.0
0.718,2.0,0.0
0.724,2.0,0.0
0.73,2.0,0.0
0.736,2.0,0.0
0.742,2.0,0.0
0.748,2.0,0.0
0.754,2.0,0.0
0.76,2.0,0.0
0.766,2.0,0.0
0.772,2.0,0.0
0.778,2.0,0.0
0.784,2.0,0.0
0.79,2.0,0.0
0.796,2.0,0.0
0.802,2.0,0.0
0.808,2.0,0.0
0.8140000000000001,2.0,0.0
0.8200000000000001,2.0,0.0
0.8260000000000001,2.0,0.0
0.8320000000000001,2.0,0.0
0.8380000000000001,2.0,0.0
0.8440000000000001,2.0,0.0
0.8500000000000001,2.0,0.0
0.8560000000000001,2.0,0.0
0.8620000000000001,2.0,0.0
0.8680000000000001,2.0,0.0
0.8740000000000001,2.0,0.0
0.8800000000000001,2.0,0.0
0.8860000000000001,2.0,0.0
0.8920000000000001,2.0,0.0
0.8980000000000001,2.0,0.0
0.9040000000000001,2.0,0.0
0.9100000000000001,2.0,0.0
0.9160000000000001,2.0,0.0
0.9220000000000002,2.0,0.0
0.9280000000000002,2.0,0.0
0.9340000000000002,2.0,0.0
0.9400000000000002,2.0,0.0
0.9460000000000002,2.0,0.0
0.9520000000000002,2.0,0.0
0.9580000000000002,2.0,0.0
0.9640000000000002,2.0,0.0
0.97,2.0,0.0
0.976,2.0,0.0
0.982,2.0,0.0
0.988,2.0,0.0
0.994,2.0,0.0
1.0,2.0,0.0
1.006,2.0,0.0
1.012,2.0,0.0
1.018,2.0,0.0
1.024,2.0,0.0
1.03,2.0,0.0
1.036,2.0,0.0
1.042,2.0,0.0
1.048,2.0,0.0
1.054,2.0,0.0
1.06,2.0,0.0
1.066,2.0,0.0
1.072,2.0,0.0
1.078,2.0,0.0
1.084,2.0,0.0
1.09,2.0,0.0
1.096,2.0,0.0
1.102,2.0,0.0
1.108,2.0,0.0
1.114,2.0,0.0
1.12,2.0,0.0
1.1260000000000001,2.0,0.0
1.1320000000000001,2.0,0.0
1.1380000000000001,2.0,0.0
1.1440000000000001,2.0,0.0
1.1500000000000001,2.0,0.0
1.1560000000000001,2.0,0.0
1.1620000000000001,2.0,0.0
1.1680000000000001,2.0,0.0
1.1740000000000002,2.0,0.0
1.1800000000000002,2.0,0.0
1.1860000000000002,2.0,0.0
1.1920000000000002,2.0,0.0
1.1980000000000002,2.0,0.0
1.2040000000000002,2.0,0.0
1.2100000000000002,2.0,0.0
1.2160000000000002,2.0,0.0
1.2220000000000002,2.0,0.0
1.2280000000000002,2.0,0.0
1.2340000000000002,2.0,0.0
1.24,2.0,0.0
1.246,2.0,0.0
1.252,2.0,0.0
1.258,2.0,0.0
1.264,2.0,0.0
1.27,2.0,0.0
1.276,2.0,0.0
1.282,2.0,0.0
1.288,2.0,0.0
1.294,2.0,0.0
1.3,2.0,0.0
1.306,2.0,0.0
1.312,2.0,0.0
1.318,2.0,0.0
1.324,2.0,0.0
1.33,2.0,0.0
1.336,2.0,0.0
1.342,2.0,0.0
1.348,2.0,0.0
1.354,2.0,0.0
1.36,2.0,0.0
1.366,2.0,0.0
1.372,2.0,0.0
1.3780000000000001,2.0,0.0
1.3840000000000001,2.0,0.0
1.3900000000000001,2.0,0.0
1.3960000000000001,2.0,0.0
1.4020000000000001,2.0,0.0
1.4080000000000001,2.0,0.0
1.4140000000000001,2.0,0.0
1.4200000000000002,2.0,0.0
1.4260000000000002,2.0,0.0
1.4320000000000002,2.0,0.0
1.4380000000000002,2.0,0.0
1.4440000000000002,2.0,0.0
1.4500000000000002,2.0,0.0
1.4560000000000002,2.0,0.0
1.4620000000000002,2.0,0.0
1.4680000000000002,2.0,0.0
1.4740000000000002,2.0,0.0
1.4800000000000002,2.0,0.0
1.4860000000000002,2.0,0.0
1.4920000000000002,2.0,0.0
1.4980000000000002,2.0,0.0
1.504,2.0,0.0
1.5100000000000002,2.0,0.0
1.516,2.0,0.0
1.5220000000000002,2.0,0.0
1.528,2.0,0.0
1.5340000000000003,2.0,0.0
1.54,2.0,0.0
1.5460000000000003,2.0,0.0
1.552,2.0,0.0
1.5580000000000003,2.0,0.0
1.564,2.0,0.0
1.5700000000000003,2.0,0.0
1.576,2.0,0.0
1.5820000000000003,2.0,0.0
1.588,2.0,0.0
1.5940000000000003,2.0,0.0
1.6,2.0,0.0
1.6060000000000003,2.0,0.0
1.612,2.0,0.0
1.6180000000000003,2.0,0.0
1.624,2.0,0.0
1.6300000000000003,2.0,0.0
1.6360000000000001,2.0,0.0
1.642,2.0,0.0
1.6480000000000001,2.0,0.0
1.654,2.0,0.0
1.6600000000000001,2.0,0.0
1.666,2.0,0.0
1.6720000000000002,2.0,0.0
1.678,2.0,0.0
1.6840000000000002,2.0,0.0
1.69,2.0,0.0
1.6960000000000002,2.0,0.0
1.702,2.0,0.0
1.7080000000000002,2.0,0.0
1.714,2.0,0.0
1.7200000000000002,2.0,0.0
1.726,2.0,0.0
1.7320000000000002,2.0,0.0
1.738,2.0,0.0
1.7440000000000002,2.0,0.0
1.75,2.0,0.0
1.7560000000000002,2.0,0.0
1.762,2.0,0.0
1.7680000000000002,2.0,0.0
1.774,2.0,0.0
1.7800000000000002,2.0,0.0
1.786,2.0,0.0
1.7920000000000003,2.0,0.0
1.798,2.0,0.0
1.8040000000000003,2.0,0.0
1.81,2.0,0.0
1.8160000000000003,2.0,0.0
1.822,2.0,0.0
1.8280000000000003,2.0,0.0
1.834,2.0,0.0
1.8400000000000003,2.0,0.0
1.846,2.0,0.0
1.8520000000000003,2.0,0.0
1.858,2.0,0.0
1.8640000000000003,2.0,0.0
1.87,2.0,0.0
1.8760000000000003,2.0,0.0
1.8820000000000001,2.0,0.0
1.8880000000000003,2.0,0.0
1.8940000000000001,2.0,0.0
1.9000000000000004,2.0,0.0
1.9060000000000001,2.0,0.0
1.912,2.0,0.0
1.9180000000000001,2.0,0.0
1.924,2.0,0.0
1.9300000000000002,2.0,0.0
1.936,2.0,0.0
1.9420000000000002,2.0,0.0
1.948,2.0,0.0
1.9540000000000002,2.0,0.0
1.96,2.0,0.0
1.9660000000000002,2.0,0.0
1.972,2.0,0.0
1.9780000000000002,2.0,0.0
1.984,2.0,0.0
1.9900000000000002,2.0,0.0
1.996,2.0,0.0
2.0020000000000002,2.0,0.0
2.008,2.0,0.0
2.0140000000000002,2.0,0.0
2.02,2.0,0.0
2.0260000000000002,2.0,0.0
2.032,2.0,0.0
2.0380000000000003,2.0,0.0
2.044,2.0,0.0
2.0500000000000003,2.0,0.0
2.056,2.0,0.0
2.0620000000000003,2.0,0.0
2.068,2.0,0.0
2.0740000000000003,2.0,0.0
2.08,2.0,0.0
2.0860000000000003,2.0,0.0
2.092,2.0,0.0
2.0980000000000003,2.0,0.0
2.104,2.0,0.0
2.1100000000000003,2.0,0.0
2.116,2.0,0.0
2.1220000000000003,2.0,0.0
2.128,2.0,0.0
2.1340000000000003,2.0,0.0
2.14,2.0,0.0
2.1460000000000004,2.0,0.0
2.152,2.0,0.0
2.1580000000000004,2.0,0.0
2.164,2.0,0.0
2.1700000000000004,2.0,0.0
2.176,2.0,0.0
2.182,2.0,0.0
2.188,2.0,0.0
2.194,2.0,0.0
2.2,2.0,0.0
2.206,2.0,0.0
2.212,2.0,0.0
2.218,2.0,0.0
2.224,2.0,0.0
2.23,2.0,0.0
2.236,2.0,0.0
2.242,2.0,0.0
2.248,2.0,0.0
2.254,2.0,0.0
2.2600000000000002,2.0,0.0
2.266,2.0,0.0
2.2720000000000002,2.0,0.0
2.278,2.0,0.0
2.2840000000000003,2.0,0.0
2.29,2.0,0.0
2.2960000000000003,2.0,0.0
2.302,2.0,0.0
2.3080000000000003,2.0,0.0
2.314,2.0,0.0
2.3200000000000003,2.0,0.0
2.326,2.0,0.0
2.3320000000000003,2.0,0.0
2.338,2.0,0.0
2.3440000000000003,2.0,0.0
2.35,2.0,0.0
2.3560000000000003,2.0,0.0
2.362,2.0,0.0
2.3680000000000003,2.0,0.0
2.374,2.0,0.0
2.3800000000000003,2.0,0.0
2.386,2.0,0.0
2.3920000000000003,2.0,0.0
2.398,2.0,0.0
2.4040000000000004,2.0,0.0
2.41,2.0,0.0
2.4160000000000004,2.0,0.0
2.422,2.0,0.0
2.4280000000000004,2.0,0.0
2.434,2.0,0.0
2.44,2.0,0.0
2.446,2.0,0.0
2.452,2.0,0.0
2.458,2.0,0.0
2.464,2.0,0.0
2.47,2.0,0.0
2.476,2.0,0.0
2.482,2.0,0.0
2.488,2.0,0.0
2.494,2.0,0.0
2.5,2.0,0.0
2.5060000000000002,2.0,0.0
2.512,2.0,0.0
2.5180000000000002,2.0,0.0
2.524,2.0,0.0
2.5300000000000002,2.0,0.0
2.536,2.0,0.0
2.5420000000000003,2.0,0.0
2.548,2.0,0.0
2.5540000000000003,2.0,0.0
2.56,2.0,0.0
2.5660000000000003,2.0,0.0
2.572,2.0,0.0
2.5780000000000003,2.0,0.0
2.584,2.0,0.0
2.5900000000000003,2.0,0.0
2.596,2.0,0.0
2.6020000000000003,2.0,0.0
2.608,2.0,0.0
2.6140000000000003,2.0,0.0
2.62,2.0,0.0
2.6260000000000003,2.0,0.0
2.632,2.0,0.0
2.6380000000000003,2.0,0.0
2.644,2.0,0.0
2.6500000000000004,2.0,0.0
2.656,2.0,0.0
2.6620000000000004,2.0,0.0
2.668,2.0,0.0
2.6740000000000004,2.0,0.0
2.68,2.0,0.0
2.6860000000000004,2.0,0.0
2.692,2.0,0.0
2.6980000000000004,2.0,0.0
2.704,2.0,0.0
2.71,2.0,0.0
2.716,2.0,0.0
2.722,2.0,0.0
2.728,2.0,0.0
2.734,2.0,0.0
2.74,2.0,0.0
2.746,2.0,0.0
2.7520000000000002,2.0,0.0
2.758,2.0,0.0
2.7640000000000002,2.0,0.0
2.77,2.0,0.0
2.7760000000000002,2.0,0.0
2.782,2.0,0.0
2.7880000000000003,2.0,0.0
2.794,2.0,0.0
2.8000000000000003,2.0,0.0
2.806,2.0,0.0
2.8120000000000003,2.0,0.0
2.818,2.0,0.0
2.8240000000000003,2.0,0.0
2.83,2.0,0.0
2.8360000000000003,2.0,0.0
2.842,2.0,0.0
2.8480000000000003,2.0,0.0
2.854,2.0,0.0
2.8600000000000003,2.0,0.0
2.866,2.0,0.0
2.8720000000000003,2.0,0.0
2.878,2.0,0.0
2.8840000000000003,2.0,0.0
2.89,2.0,0.0
2.8960000000000004,2.0,0.0
2.902,2.0,0.0
2.9080000000000004,2.0,0.0
2.914,2.0,0.0
2.9200000000000004,2.0,0.0
2.926,2.0,0.0
2.9320000000000004,2.0,0.0
2.938,2.0,0.0
2.9440000000000004,2.0,0.0
2.95,2.0,0.0
2.9560000000000004,2.0,0.0
2.962,2.0,0.0
2.9680000000000004,2.0,0.0
2.974,2.0,0.0
2.98,2.0,0.0
2.986,2.0,0.0
2.992,2.0,0.0
2.998,2.0,0.0
3.004,2.0,0.0
3.0100000000000002,2.0,0.0
3.016,2.0,0.0
3.0220000000000002,2.0,0.0
3.028,2.0,0.0
3.0340000000000003,2.0,0.0
3.04,2.0,0.0
3.0460000000000003,2.0,0.0
3.052,2.0,0.0
3.0580000000000003,2.0,0.0
3.064,2.0,0.0
3.0700000000000003,2.0,0.0
3.076,2.0,0.0
3.0820000000000003,2.0,0.0
3.088,2.0,0.0
3.0940000000000003,2.0,0.0
3.1,2.0,0.0
3.1060000000000003,2.0,0.0
3.112,2.0,0.0
3.1180000000000003,2.0,0.0
3.124,2.0,0.0
3.1300000000000003,2.0,0.0
3.136,2.0,0.0
3.1420000000000003,2.0,0.0
3.148,2.0,0.0
3.1540000000000004,2.0,0.0
3.16,2.0,0.0
3.1660000000000004,2.0,0.0
3.172,2.0,0.0
3.1780000000000004,2.0,0.0
3.184,2.0,0.0
3.1900000000000004,2.0,0.0
3.196,2.0,0.0
3.2020000000000004,2.0,0.0
3.208,2.0,0.0
3.2140000000000004,2.0,0.0
3.22,2.0,0.0
3.2260000000000004,2.0,0.0
3.232,2.0,0.0
3.2380000000000004,2.0,0.0
3.244,2.0,0.0
3.25,2.0,0.0
3.2560000000000002,2.0,0.0
3.262,2.0,0.0
3.2680000000000002,2.0,0.0
3.274,2.0,0.0
3.2800000000000002,2.0,0.0
3.286,2.0,0.0
3.2920000000000003,2.0,0.0
3.298,2.0,0.0
3.3040000000000003,2.0,0.0
3.31,2.0,0.0
3.3160000000000003,2.0,0.0
3.322,2.0,0.0
3.3280000000000003,2.0,0.0
3.334,2.0,0.0
3.3400000000000003,2.0,0.0
3.346,2.0,0.0
3.3520000000000003,2.0,0.0
3.358,2.0,0.0
3.3640000000000003,2.0,0.0
3.37,2.0,0.0
3.3760000000000003,2.0,0.0
3.382,2.0,0.0
3.3880000000000003,2.0,0.0
3.394,2.0,0.0
3.4000000000000004,2.0,0.0
3.406,2.0,0.0
3.4120000000000004,2.0,0.0
3.418,2.0,0.0
3.4240000000000004,2.0,0.0
3.43,2.0,0.0
3.4360000000000004,2.0,0.0
3.442,2.0,0.0
3.4480000000000004,2.0,0.0
3.454,2.0,0.0
3.4600000000000004,2.0,0.0
3.466,2.0,0.0
3.4720000000000004,2.0,0.0
3.478,2.0,0.0
3.4840000000000004,2.0,0.0
3.49,2.0,0.0
3.4960000000000004,2.0,0.0
3.5020000000000007,2.0,0.0
3.508,2.0,0.0
3.5140000000000002,2.0,0.0
3.5200000000000005,2.0,0.0
3.526,2.0,0.0
3.532,2.0,0.0
3.5380000000000003,2.0,0.0
3.5440000000000005,2.0,0.0
3.55,2.0,0.0
3.556,2.0,0.0
3.5620000000000003,2.0,0.0
3.5680000000000005,2.0,0.0
3.574,2.0,0.0
3.58,2.0,0.0
3.5860000000000003,2.0,0.0
3.5920000000000005,2.0,0.0
3.598,2.0,0.0
3.604,2.0,0.0
3.6100000000000003,2.0,0.0
3.6160000000000005,2.0,0.0
3.622,2.0,0.0
3.628,2.0,0.0
3.6340000000000003,2.0,0.0
3.6400000000000006,2.0,0.0
3.646,2.0,0.0
3.652,2.0,0.0
3.6580000000000004,2.0,0.0
3.6640000000000006,2.0,0.0
3.67,2.0,0.0
3.676,2.0,0.0
3.6820000000000004,2.0,0.0
3.6880000000000006,2.0,0.0
3.694,2.0,0.0
3.7,2.0,0.0
3.7060000000000004,2.0,0.0
3.7120000000000006,2.0,0.0
3.718,2.0,0.0
3.724,2.0,0.0
3.7300000000000004,2.0,0.0
3.7360000000000007,2.0,0.0
3.742,2.0,0.0
3.748,2.0,0.0
3.7540000000000004,2.0,0.0
3.7600000000000007,2.0,0.0
3.766,2.0,0.0
3.7720000000000002,2.0,0.0
3.7780000000000005,2.0,0.0
3.784,2.0,0.0
3.79,2.0,0.0
3.7960000000000003,2.0,0.0
3.8020000000000005,2.0,0.0
3.808,2.0,0.0
3.814,2.0,0.0
3.8200000000000003,2.0,0.0
3.8260000000000005,2.0,0.0
3.832,2.0,0.0
3.838,2.0,0.0
3.8440000000000003,2.0,0.0
3.8500000000000005,2.0,0.0
3.856,2.0,0.0
3.862,2.0,0.0
3.8680000000000003,2.0,0.0
3.8740000000000006,2.0,0.0
3.88,2.0,0.0
3.886,2.0,0.0
3.8920000000000003,2.0,0.0
3.8980000000000006,2.0,0.0
3.904,2.0,0.0
3.91,2.0,0.0
3.9160000000000004,2.0,0.0
3.9220000000000006,2.0,0.0
3.928,2.0,0.0
3.934,2.0,0.0
3.9400000000000004,2.0,0.0
3.9460000000000006,2.0,0.0
3.952,2.0,0.0
3.958,2.0,0.0
3.9640000000000004,2.0,0.0
3.9700000000000006,2.0,0.0
3.976,2.0,0.0
3.982,2.0,0.0
3.9880000000000004,2.0,0.0
3.9940000000000007,2.0,0.0
4.0,2.0,0.0
4.006,2.0,0.0
4.0120000000000005,2.0,0.0
4.018000000000001,2.0,0.0
4.024,2.0,0.0
4.03,2.0,0.0
4.0360000000000005,2.0,0.0
4.042,2.0,0.0
4.048,2.0,0.0
4.054,2.0,0.0
4.0600000000000005,2.0,0.0
4.066,2.0,0.0
4.072,2.0,0.0
4.078,2.0,0.0
4.0840000000000005,2.0,0.0
4.09,2.0,0.0
4.096,2.0,0.0
4.102,2.0,0.0
4.1080000000000005,2.0,0.0
4.114,2.0,0.0
4.12,2.0,0.0
4.126,2.0,0.0
4.132000000000001,2.0,0.0
4.138,2.0,0.0
4.144,2.0,0.0
4.15,2.0,0.0
4.156000000000001,2.0,0.0
4.162,2.0,0.0
4.168,2.0,0.0
4.174,2.0,0.0
4.180000000000001,2.0,0.0
4.186,2.0,0.0
4.192,2.0,0.0
4.198,2.0,0.0
4.204000000000001,2.0,0.0
4.21,2.0,0.0
4.216,2.0,0.0
4.222,2.0,0.0
4.228000000000001,2.0,0.0
4.234,2.0,0.0
4.24,2.0,0.0
4.246,2.0,0.0
4.252000000000001,2.0,0.0
4.258,2.0,0.0
4.264,2.0,0.0
4.2700000000000005,2.0,0.0
4.276000000000001,2.0,0.0
4.282,2.0,0.0
4.288,2.0,0.0
4.2940000000000005,2.0,0.0
4.300000000000001,2.0,0.0
4.306,2.0,0.0
4.312,2.0,0.0
4.3180000000000005,2.0,0.0
4.324,2.0,0.0
4.33,2.0,0.0
4.336,2.0,0.0
4.3420000000000005,2.0,0.0
4.348,2.0,0.0
4.354,2.0,0.0
4.36,2.0,0.0
4.3660000000000005,2.0,0.0
4.372,2.0,0.0
4.378,2.0,0.0
4.384,2.0,0.0
4.390000000000001,2.0,0.0
4.396,2.0,0.0
4.402,2.0,0.0
4.408,2.0,0.0
4.414000000000001,2.0,0.0
4.42,2.0,0.0
4.426,2.0,0.0
4.432,2.0,0.0
4.438000000000001,2.0,0.0
4.444,2.0,0.0
4.45,2.0,0.0
4.456,2.0,0.0
4.462000000000001,2.0,0.0
4.468,2.0,0.0
4.474,2.0,0.0
4.48,2.0,0.0
4.486000000000001,2.0,0.0
4.492,2.0,0.0
4.498,2.0,0.0
4.503991999999997,1.991999999999999,-4.0
4.509949999999996,1.9799999999999986,-4.0
4.515872000000002,1.968,-4.0
4.5217580000000055,1.9559999999999995,-4.0
4.527608000000004,1.943999999999999,-4.0
4.533422000000002,1.9319999999999986,-4.0
4.539200000000001,1.92,-4.0
4.5449420000000025,1.9079999999999995,-4.0
4.5506480000000025,1.895999999999999,-4.0
4.5563180000000045,1.8839999999999986,-4.0
4.561951999999998,1.8719999999999999,-4.0
4.567550000000001,1.8599999999999994,-4.0
4.573112000000002,1.847999999999999,-4.0
4.578637999999998,1.8360000000000003,-4.0
4.584128,1.8239999999999998,-4.0
4.589582,1.8119999999999994,-4.0
4.594999999999999,1.799999999999999,-4.0
4.600381999999996,1.7880000000000003,-4.0
4.605727999999999,1.7759999999999998,-4.0
4.611037999999997,1.7639999999999993,-4.0
4.616311999999997,1.751999999999999,-4.0
4.621549999999999,1.7400000000000002,-4.0
4.626752000000003,1.7279999999999998,-4.0
4.631918000000002,1.7159999999999993,-4.0
4.637048,1.7039999999999988,-4.0
4.642142,1.6920000000000002,-4.0
4.647199999999998,1.6799999999999997,-4.0
4.652222000000002,1.6679999999999993,-4.0
4.657208000000001,1.6559999999999988,-4.0
4.662157999999998,1.6440000000000001,-4.0
4.6670719999999974,1.6319999999999997,-4.0
4.671949999999999,1.6199999999999992,-4.0
4.676791999999999,1.6079999999999988,-4.0
4.681598000000001,1.596,-4.0
4.686368000000002,1.5839999999999996,-4.0
4.691102000000004,1.5719999999999992,-4.0
4.6958000000000055,1.5599999999999987,-4.0
4.700462000000002,1.548,-4.0
4.7050880000000035,1.5359999999999996,-4.0
4.709678000000004,1.5239999999999991,-4.0
4.714232000000003,1.5119999999999987,-4.0
4.71875,1.5,-4.0
4.723231999999999,1.4879999999999995,-4.0
4.727678000000001,1.475999999999999,-4.0
4.732088000000001,1.4639999999999986,-4.0
4.736461999999996,1.452,-4.0
4.7408,1.4399999999999995,-4.0
4.745101999999999,1.427999999999999,-4.0
4.749367999999997,1.4159999999999986,-4.0
4.753597999999997,1.404,-4.0
4.757791999999995,1.3919999999999995,-4.0
4.761949999999999,1.379999999999999,-4.0
4.766071999999994,1.3679999999999986,-4.0
4.770158000000002,1.3559999999999999,-4.0
4.774208000000002,1.3439999999999994,-4.0
4.7782219999999995,1.331999999999999,-4.0
4.782200000000003,1.3199999999999985,-4.0
4.786141999999998,1.3079999999999998,-4.0
4.790047999999999,1.2959999999999994,-4.0
4.793917999999998,1.283999999999999,-4.0
4.797751999999996,1.2720000000000002,-4.0
4.801549999999999,1.2599999999999998,-4.0
4.805312000000001,1.2479999999999993,-4.0
4.809038000000001,1.2359999999999989,-4.0
4.812728000000007,1.2240000000000002,-4.0
4.816382000000004,1.2119999999999997,-4.0
4.820000000000007,1.1999999999999993,-4.0
4.823582000000002,1.1879999999999988,-4.0
4.827128000000002,1.1760000000000002,-4.0
4.830638,1.1639999999999997,-4.0
4.834112000000005,1.1519999999999992,-4.0
4.83755,1.1399999999999988,-4.0
4.8409520000000015,1.1280000000000001,-4.0
4.844318000000001,1.1159999999999997,-4.0
4.8476479999999995,1.1039999999999992,-4.0
4.850942000000003,1.0919999999999987,-4.0
4.854199999999999,1.08,-4.0
4.857422,1.0679999999999996,-4.0
4.860607999999999,1.0559999999999992,-4.0
4.863757999999997,1.0439999999999987,-4.0
4.866872000000001,1.032,-4.0
4.869949999999996,1.0199999999999996,-4.0
4.872991999999996,1.0079999999999991,-4.0
4.875997999999996,0.9959999999999987,-4.0
4.878968,0.984,-4.0
4.881902000000004,0.9719999999999995,-4.0
4.8847999999999985,0.9599999999999991,-4.0
4.887662000000006,0.9479999999999986,-4.0
4.890487999999998,0.9359999999999999,-4.0
4.893278000000002,0.9239999999999995,-4.0
4.896031999999998,0.911999999999999,-4.0
4.89875,0.8999999999999986,-4.0
4.901432,0.8879999999999999,-4.0
4.904077999999998,0.8759999999999994,-4.0
4.906688000000003,0.863999999999999,-4.0
4.909261999999998,0.8519999999999985,-4.0
4.9117999999999995,0.8399999999999999,-4.0
4.914302000000006,0.8279999999999994,-4.0
4.916768000000005,0.815999999999999,-4.0
4.9191980000000015,0.8039999999999985,-4.0
4.921592000000004,0.7919999999999998,-4.0
4.923949999999998,0.7799999999999994,-4.0
4.926272000000004,0.7679999999999989,-4.0
4.928558000000002,0.7560000000000002,-4.0
4.930807999999999,0.7439999999999998,-4.0
4.933022000000001,0.7319999999999993,-4.0
4.935200000000002,0.7199999999999989,-4.0
4.937341999999994,0.7080000000000002,-4.0
4.939447999999999,0.6959999999999997,-4.0
4.941517999999995,0.6839999999999993,-4.0
4.943551999999997,0.6719999999999988,-4.0
4.945549999999997,0.6600000000000001,-4.0
4.947511999999996,0.6479999999999997,-4.0
4.949438000000001,0.6359999999999992,-4.0
4.951327999999997,0.6239999999999988,-4.0
4.953181999999998,0.6120000000000001,-4.0
4.954999999999998,0.5999999999999996,-4.0
4.956782000000004,0.5879999999999992,-4.0
4.958528000000001,0.5759999999999987,-4.0
4.960237999999997,0.5640000000000001,-4.0
4.961912000000005,0.5519999999999996,-4.0
4.963550000000005,0.5399999999999991,-4.0
4.965151999999996,0.5279999999999987,-4.0
4.966718,0.516,-4.0
4.968248000000003,0.5039999999999996,-4.0
4.9697419999999966,0.4919999999999991,-4.0
4.971199999999996,0.47999999999999865,-4.0
4.972622000000001,0.46799999999999997,-4.0
4.974008000000005,0.4559999999999995,-4.0
4.975358,0.44399999999999906,-4.0
4.976672000000008,0.4319999999999986,-4.0
4.97795,0.41999999999999993,-4.0
4.979192000000005,0.4079999999999995,-4.0
4.980398000000001,0.395999999999999,-4.0
4.981568000000003,0.38399999999999856,-4.0
4.982702000000003,0.3719999999999999,-4.0
4.983800000000002,0.35999999999999943,-4.0
4.984862,0.347999999999999,-4.0
4.985888000000003,0.3359999999999985,-4.0
4.986877999999997,0.32399999999999984,-4.0
4.987831999999997,0.3119999999999994,-4.0
4.988750000000003,0.29999999999999893,-4.0
4.989631999999993,0.2879999999999985,-4.0
4.990477999999996,0.2759999999999998,-4.0
4.991287999999997,0.26399999999999935,-4.0
4.992061999999997,0.2519999999999989,-4.0
4.992800000000003,0.2400000000000002,-4.0
4.9935020000000065,0.22799999999999976,-4.0
4.994168000000002,0.2159999999999993,-4.0
4.994798000000003,0.20399999999999885,-4.0
4.9953920000000025,0.19200000000000017,-4.0
4.995950000000001,0.17999999999999972,-4.0
4.996472000000004,0.16799999999999926,-4.0
4.996957999999999,0.1559999999999988,-4.0
4.997407999999993,0.14400000000000013,-4.0
4.997821999999999,0.13199999999999967,-4.0
4.998199999999997,0.11999999999999922,-4.0
4.9985420000000005,0.10799999999999876,-4.0
4.998848000000002,0.09600000000000009,-4.0
4.999118000000003,0.08399999999999963,-4.0
4.999352000000002,0.07199999999999918,-4.0
4.999549999999999,0.05999999999999872,-4.0
4.999712000000002,0.04800000000000004,-4.0
4.999838000000004,0.03599999999999959,-4.0
4.999928000000004,0.023999999999999133,-4.0
4.999982000000003,0.011999999999998678,-4.0
